match_id,season,date,home_team_id,away_team_id,stadium,city,country,referee,home_score,away_score,possession_home,possession_away
m_0,2010-2011,15-02-2011,bddfcdfa742c,09231e49e8f9,Mestalla,Valencia,España,Aleksei Nikolaev,1,1,0.65,0.35
m_1,2010-2011,09-03-2011,09231e49e8f9,bddfcdfa742c,Veltins-Arena,Gelsenkirchen,Alemania,Jonas Eriksson,3,1,0.41,0.59
m_2,2010-2011,16-02-2011,088d5f86b6f2,6edafb11d82f,San Siro,Milan,Italia,Stephane Lannoy,0,1,0.56,0.44
m_3,2010-2011,09-03-2011,6edafb11d82f,088d5f86b6f2,White Hart Lane,Londres,Inglaterra,Frank De Bleeckere,0,0,0.38,0.62
m_4,2010-2011,15-02-2011,4fc9baf21034,550d05ab240e,Emirates Stadium,Londres,Inglaterra,S Rizzoli,2,1,0.34,0.66
m_5,2010-2011,08-03-2011,550d05ab240e,4fc9baf21034,Camp Nou,Barcelona,España,Massimo Busacca,3,1,0.76,0.24
m_6,2010-2011,16-02-2011,e82fd46b0550,0fe76b7fe2ce,Olimpico,Roma,Italia,Olegário Benquerença,2,3,0.59,0.41
m_7,2010-2011,08-03-2011,0fe76b7fe2ce,e82fd46b0550,Donbass Arena,Donetsk,Ucrania,Howard Webb,3,0,0.54,0.46
m_8,2010-2011,22-02-2011,db41658ae019,240dd2121e44,San Siro,Milan,Italia,Viktor Kassai,0,1,0.46,0.54
m_9,2010-2011,15-03-2011,240dd2121e44,db41658ae019,Allianz Arena,Munich,Alemania,Pedro Proença,2,3,0.47,0.53
m_10,2010-2011,23-02-2011,8377de0f1845,9ff48521032a,Velodrome,Marseille,Francia,Felix Brych,0,0,0.48,0.52
m_11,2010-2011,15-03-2011,9ff48521032a,8377de0f1845,Old Trafford,Manchester,Inglaterra,Carlos Velasco Carballo,2,1,0.54,0.46
m_12,2010-2011,22-02-2011,2da3c827ccab,8056df088208,Parken Stadium,Copenhague,Dinamarca,Björn Kuipers,0,2,0.45,0.55
m_13,2010-2011,16-03-2011,8056df088208,2da3c827ccab,Stamford Bridge,Londres,Inglaterra,Svein Oddvar Moen,0,0,0.46,0.54
m_14,2010-2011,23-02-2011,debecab907cc,93330b415214,Stade Gerland,Lyon,Francia,Wolfgang Stark,1,1,0.41,0.59
m_15,2010-2011,16-03-2011,93330b415214,debecab907cc,Santiago Bernabeu,Madrid,España,Damir Skomina,3,0,0.55,0.45
m_16,2010-2011,05-04-2011,93330b415214,6edafb11d82f,Santiago Bernabeu,Madrid,España,Felix Brych,4,0,0.72,0.28
m_17,2010-2011,13-04-2011,6edafb11d82f,93330b415214,White Hart Lane,Londres,Inglaterra,Nicola Rizzoli,0,1,0.44,0.56
m_18,2010-2011,05-04-2011,db41658ae019,09231e49e8f9,San Siro,Milan,Italia,Martin Atkinson,2,5,0.53,0.47
m_19,2010-2011,13-04-2011,09231e49e8f9,db41658ae019,Veltins-Arena,Gelsenkirchen,Alemania,Damir Skomina,2,1,0.37,0.63
m_20,2010-2011,06-04-2011,550d05ab240e,0fe76b7fe2ce,Camp Nou,Barcelona,España,Craig Thomson,5,1,0.7,0.3
m_21,2010-2011,12-04-2011,0fe76b7fe2ce,550d05ab240e,Donbass Arena,Donetsk,Ucrania,Florian Meyer,0,1,0.33,0.67
m_22,2010-2011,06-04-2011,8056df088208,9ff48521032a,Stamford Bridge,Londres,Inglaterra,Undiano Mallenco,0,1,0.57,0.43
m_23,2010-2011,12-04-2011,9ff48521032a,8056df088208,Old Trafford,Manchester,Inglaterra,Olegario Bartolo Benquerenca,2,1,0.55,0.45
m_24,2010-2011,26-04-2011,93330b415214,550d05ab240e,Santiago Bernabeu,Madrid,España,Wolfgang Stark,0,2,0.24,0.76
m_25,2010-2011,03-05-2011,550d05ab240e,93330b415214,Camp Nou,Barcelona,España,Frank De Bleeckere,1,1,0.69,0.31
m_26,2010-2011,26-04-2011,09231e49e8f9,9ff48521032a,Veltins-Arena,Gelsenkirchen,Alemania,Carlos Velasco Carballo,0,2,0.33,0.67
m_27,2010-2011,04-05-2011,9ff48521032a,09231e49e8f9,Old Trafford,Manchester,Inglaterra,Pedro Proenca,4,1,0.46,0.54
m_28,2010-2011,28-05-2011,550d05ab240e,9ff48521032a,Wembley,Londres,Inglaterra,Viktor Kassai,3,1,0.68,0.32
m_29,2011-2012,14-02-2012,e1e2b54b5c32,550d05ab240e,BayArena,Leverkusen,Alemania,Craig Thomson,1,3,0.25,0.75
m_30,2011-2012,07-03-2012,550d05ab240e,e1e2b54b5c32,Camp Nou,Barcelona,España,Svein Oddvar Moen,7,1,0.77,0.23
m_31,2011-2012,15-02-2012,088d5f86b6f2,4fc9baf21034,San Siro,Milán,Italia,Viktor Kassai,4,0,0.43,0.57
m_32,2011-2012,06-03-2012,4fc9baf21034,088d5f86b6f2,Emirates Stadium,Londres,Inglaterra,Damir Skomina,3,0,0.45,0.55
m_33,2011-2012,14-02-2012,debecab907cc,780e35ea5cda,Stade Gerland,Lyon,Francia,Paolo Tagliavento,1,0,0.64,0.36
m_34,2011-2012,07-03-2012,780e35ea5cda,debecab907cc,GSP Stadium,Nicosia,Chipre,Alberto Undiano Mallenco,1,0,0.46,0.54
m_35,2011-2012,15-02-2012,479bf0803cf7,e4bbc3bef62e,Petrovsky Stadium,San Petersburgo,Rusia,Jonas Eriksson,3,2,0.54,0.46
m_36,2011-2012,06-03-2012,e4bbc3bef62e,479bf0803cf7,Estadio da Luz,Lisboa,Portugal,Howard Webb,2,0,0.43,0.57
m_37,2011-2012,21-02-2012,8d7f8b2497f7,93330b415214,Luzhniki Stadium,Moscú,Rusia,Björn Kuipers,1,1,0.46,0.54
m_38,2011-2012,14-03-2012,93330b415214,8d7f8b2497f7,Santiago Bernabeu,Madrid,España,Stéphane Lannoy,4,1,0.63,0.37
m_39,2011-2012,21-02-2012,c600c031a1ea,8056df088208,Stadio San Paolo,Napoles,Italia,Carlos Velasco Carballo,3,1,0.42,0.58
m_40,2011-2012,14-03-2012,8056df088208,c600c031a1ea,Stamford Bridge,Londres,Inglaterra,Felix Brych,4,1,0.56,0.44
m_41,2011-2012,22-02-2012,8377de0f1845,db41658ae019,Stade Velodrome,Marseille,Francia,Cüneyt Çakır,1,0,0.59,0.41
m_42,2011-2012,13-03-2012,db41658ae019,8377de0f1845,San Siro,Milán,Italia,Pedro Proença,2,1,0.48,0.52
m_43,2011-2012,22-02-2012,aea93afdf4be,240dd2121e44,St. Jakob-Park,Basilea,Suiza,Nicola Rizzoli,1,0,0.39,0.61
m_44,2011-2012,13-03-2012,240dd2121e44,aea93afdf4be,Allianz Arena,Munich,Alemania,Mark Clattenburg,7,0,0.0,0.0
m_45,2011-2012,27-03-2012,780e35ea5cda,93330b415214,GSP Stadium,Nicosia,Chipre,Felix Brych,0,3,0.22,0.78
m_46,2011-2012,04-04-2012,93330b415214,780e35ea5cda,Santiago Bernabeu,Madrid,España,Gianluca Rocchi,5,2,0.7,0.3
m_47,2011-2012,27-03-2012,e4bbc3bef62e,8056df088208,Estadio da Luz,Lisboa,Portugal,Paolo Tagliavento,0,1,0.56,0.44
m_48,2011-2012,04-04-2012,8056df088208,e4bbc3bef62e,Stamford Bridge,Londres,Inglaterra,Damir Skomina,2,1,0.49,0.51
m_49,2011-2012,28-03-2012,088d5f86b6f2,550d05ab240e,San Siro,Milán,Italia,Jonas Eriksson,0,0,0.35,0.65
m_50,2011-2012,03-04-2012,550d05ab240e,088d5f86b6f2,Camp Nou,Barcelona,España,Björn Kuipers,3,1,0.62,0.38
m_51,2011-2012,28-03-2012,8377de0f1845,240dd2121e44,Stade Velodrome,Marseille,Francia,Carlos Velasco Carballo,0,2,0.42,0.58
m_52,2011-2012,03-04-2012,240dd2121e44,8377de0f1845,Allianz Arena,Munich,Alemania,Svein Oddvar Moen,2,0,0.5,0.5
m_53,2011-2012,17-04-2012,240dd2121e44,93330b415214,Allianz Arena,Munich,Alemania,Howard Webb,2,1,0.55,0.45
m_54,2011-2012,25-04-2012,93330b415214,240dd2121e44,Santiago Bernabeu,Madrid,España,Viktor Kassai,2,1,0.45,0.55
m_55,2011-2012,18-04-2012,8056df088208,550d05ab240e,Stamford Bridge,Londres,Inglaterra,Felix Brych,1,0,0.21,0.79
m_56,2011-2012,24-04-2012,550d05ab240e,8056df088208,Camp Nou,Barcelona,España,Cüneyt Çakır,2,2,0.82,0.18
m_57,2011-2012,19-05-2012,240dd2121e44,8056df088208,Allianz Arena,Munich,Alemania,Pedro Proença,1,1,0.56,0.44
m_58,2012-2013,12-02-2013,84f918364fcc,fdb4b66db097,Celtic Park,Glasgow,Escocia,Alberto Undiano Mallenco,0,3,0.53,0.47
m_59,2012-2013,06-03-2013,fdb4b66db097,84f918364fcc,Juventus Stadium,Turin,Italia,Fırat Aydınus,2,0,0.44,0.56
m_60,2012-2013,12-02-2013,bddfcdfa742c,bdec8a408440,Mestalla,Valencia,España,Paolo Tagliavento,1,2,0.66,0.34
m_61,2012-2013,06-03-2013,bdec8a408440,bddfcdfa742c,Parc des Princes,Paris,Francia,Milorad Mažić,1,1,0.64,0.36
m_62,2012-2013,13-02-2013,93330b415214,9ff48521032a,Santiago Bernabeu,Madrid,España,,1,1,0.61,0.39
m_63,2012-2013,05-03-2013,9ff48521032a,93330b415214,Old Trafford,Manchester,Inglaterra,,1,2,0.37,0.63
m_64,2012-2013,13-02-2013,0fe76b7fe2ce,9457f1ba26ee,Donbass Arena,Donetsk,Ucrania,Howard Webb,2,2,0.49,0.51
m_65,2012-2013,12-03-2013,9457f1ba26ee,0fe76b7fe2ce,BVB Stadion Dortmund,Dortmund,Alemania,Damir Skomina,3,0,0.46,0.54
m_66,2012-2013,19-02-2013,8493f398f200,c555476e6381,Estadio do Dragao,Porto,Portugal,Mark Clattenburg,1,0,0.63,0.37
m_67,2012-2013,13-03-2013,c555476e6381,8493f398f200,La Rosaleda,Malaga,España,Nicola Rizzoli,2,0,0.51,0.49
m_68,2012-2013,19-02-2013,4fc9baf21034,240dd2121e44,Emirates Stadium,Londres,Inglaterra,Svein Oddvar Moen,1,3,0.58,0.42
m_69,2012-2013,13-03-2013,240dd2121e44,4fc9baf21034,Allianz Arena,Munich,Alemania,Pavel Královec,0,2,0.55,0.45
m_70,2012-2013,20-02-2013,088d5f86b6f2,550d05ab240e,San Siro,Milán,Italia,Craig Thomson,2,0,0.28,0.72
m_71,2012-2013,12-03-2013,550d05ab240e,088d5f86b6f2,Camp Nou,Barcelona,España,Viktor Kassai,4,0,0.67,0.33
m_72,2012-2013,20-02-2013,bd35d091e000,09231e49e8f9,Turk Telekom Arena,Estambul,Turquia,William Collum,1,1,0.43,0.57
m_73,2012-2013,12-03-2013,09231e49e8f9,bd35d091e000,Veltins-Arena,Gelsenkirchen,Alemania,Jonas Eriksson,2,3,0.6,0.4
m_74,2012-2013,02-04-2013,bdec8a408440,550d05ab240e,Parc des Princes,Paris,Francia,Wolfgang Stark,2,2,0.68,0.32
m_75,2012-2013,10-04-2013,550d05ab240e,bdec8a408440,Camp Nou,Barcelona,España,Björn Kuipers,1,1,0.63,0.37
m_76,2012-2013,02-04-2013,240dd2121e44,fdb4b66db097,Allianz Arena,Munich,Alemania,Mark Clattenburg,2,0,0.55,0.45
m_77,2012-2013,10-04-2013,fdb4b66db097,240dd2121e44,Juventus Stadium,Turin,Italia,Carlos Velasco Carballo,0,2,0.42,0.58
m_78,2012-2013,03-04-2013,c555476e6381,9457f1ba26ee,La Rosaleda,Malaga,España,Jonas Eriksson,0,0,0.5,0.5
m_79,2012-2013,09-04-2013,9457f1ba26ee,c555476e6381,Signal Iduna Park,Dortmund,Alemania,Craig Thomson,3,2,0.62,0.38
m_80,2012-2013,03-04-2013,93330b415214,bd35d091e000,Santiago Bernabeu,Madrid,España,Svein Oddvar Moen,3,0,0.5,0.5
m_81,2012-2013,09-04-2013,bd35d091e000,93330b415214,Turk Telekom Arena,Estambul,Turquia,Stéphane Lannoy,3,2,0.57,0.43
m_82,2012-2013,23-04-2013,240dd2121e44,550d05ab240e,Allianz Arena,Munich,Alemania,Viktor Kassai,4,0,0.34,0.66
m_83,2012-2013,01-05-2013,550d05ab240e,240dd2121e44,Camp Nou,Barcelona,España,Damir Skomina,0,3,0.6,0.4
m_84,2012-2013,24-04-2013,9457f1ba26ee,93330b415214,Signal Iduna Park,Dortmund,Alemania,Björn Kuipers,4,1,0.44,0.56
m_85,2012-2013,30-04-2013,93330b415214,9457f1ba26ee,Santiago Bernabeu,Madrid,España,Howard Webb,2,0,0.65,0.35
m_86,2012-2013,25-05-2013,240dd2121e44,9457f1ba26ee,Wembley,Londres,Inglaterra,Nicola Rizzoli,2,1,0.61,0.39
m_87,2013-2014,18-02-2014,ebf2d2f5d61d,550d05ab240e,Etihad Stadium,Manchester,Inglaterra,Jonas Eriksson,0,2,0.32,0.68
m_88,2013-2014,12-03-2014,550d05ab240e,ebf2d2f5d61d,Camp Nou,Barcelona,España,Stéphane Lannoy,2,1,0.58,0.42
m_89,2013-2014,19-02-2014,4fc9baf21034,240dd2121e44,Emirates Stadium,Londres,Inglaterra,Nicola Rizzoli,0,2,0.21,0.79
m_90,2013-2014,11-03-2014,240dd2121e44,4fc9baf21034,Allianz Arena,Munich,Alemania,Svein Oddvar Moen,1,1,0.67,0.33
m_91,2013-2014,18-02-2014,088d5f86b6f2,216584413ea9,San Siro,Milán,Italia,,0,1,0.51,0.49
m_92,2013-2014,11-03-2014,216584413ea9,088d5f86b6f2,Vicente Calderon,Madrid,España,Mark Clattenburg,4,1,0.47,0.53
m_93,2013-2014,19-02-2014,e1e2b54b5c32,bdec8a408440,BayArena,Leverkusen,Alemania,,0,4,0.36,0.64
m_94,2013-2014,12-03-2014,bdec8a408440,e1e2b54b5c32,Parc des Princes,Paris,Francia,Ivan Bebek,2,1,0.38,0.62
m_95,2013-2014,25-02-2014,d95852bfc168,9ff48521032a,Karaiskakis Stadium,Pireo,Grecia,,2,0,0.4,0.6
m_96,2013-2014,19-03-2014,9ff48521032a,d95852bfc168,Old Trafford,Manchester,Inglaterra,,3,0,0.49,0.51
m_97,2013-2014,25-02-2014,479bf0803cf7,9457f1ba26ee,Petrovsky Stadium,San Petersburgo,Rusia,William Collum,2,4,0.59,0.41
m_98,2013-2014,19-03-2014,9457f1ba26ee,479bf0803cf7,Signal Iduna Park,Dortmund,Alemania,Alberto Undiano Mallenco,1,2,0.48,0.52
m_99,2013-2014,26-02-2014,bd35d091e000,8056df088208,Turk Telekom Arena,Estambul,Turquia,Carlos Velasco Carballo,1,1,0.58,0.42
m_100,2013-2014,18-03-2014,8056df088208,bd35d091e000,Stamford Bridge,Londres,Inglaterra,Felix Brych,2,0,0.49,0.51
m_101,2013-2014,26-02-2014,09231e49e8f9,93330b415214,Veltins-Arena,Gelsenkirchen,Alemania,Howard Webb,1,6,0.43,0.57
m_102,2013-2014,18-03-2014,93330b415214,09231e49e8f9,Santiago Bernabeu,Madrid,España,Sergei Karasev,3,1,0.57,0.43
m_103,2013-2014,01-04-2014,550d05ab240e,216584413ea9,Camp Nou,Barcelona,España,Felix Brych,1,1,0.71,0.29
m_104,2013-2014,09-04-2014,216584413ea9,550d05ab240e,Vicente Calderon,Madrid,España,Howard Webb,1,0,0.29,0.71
m_105,2013-2014,01-04-2014,9ff48521032a,240dd2121e44,Old Trafford,Manchester,Inglaterra,,1,1,0.26,0.74
m_106,2013-2014,09-04-2014,240dd2121e44,9ff48521032a,Allianz Arena,Munich,Alemania,,3,1,0.65,0.35
m_107,2013-2014,02-04-2014,93330b415214,9457f1ba26ee,Santiago Bernabeu,Madrid,España,Mark Clattenburg,3,0,0.61,0.39
m_108,2013-2014,08-04-2014,9457f1ba26ee,93330b415214,Signal Iduna Park,Dortmund,Alemania,Damir Skomina,2,0,0.51,0.49
m_109,2013-2014,02-04-2014,bdec8a408440,8056df088208,Parc des Princes,Paris,Francia,Milorad Mažić,3,1,0.41,0.59
m_110,2013-2014,08-04-2014,8056df088208,bdec8a408440,Stamford Bridge,Londres,Inglaterra,Pedro Proença,2,0,0.52,0.48
m_111,2013-2014,22-04-2014,216584413ea9,8056df088208,Vicente Calderon,Madrid,España,Jonas Eriksson,0,0,0.68,0.32
m_112,2013-2014,30-04-2014,8056df088208,216584413ea9,Stamford Bridge,Londres,Inglaterra,Nicola Rizzoli,1,3,0.48,0.52
m_113,2013-2014,23-04-2014,93330b415214,240dd2121e44,Santiago Bernabeu,Madrid,España,Howard Webb,1,0,0.28,0.72
m_114,2013-2014,29-04-2014,240dd2121e44,93330b415214,Allianz Arena,Munich,Alemania,Pedro Proença,0,4,0.69,0.31
m_115,2013-2014,24-05-2014,93330b415214,216584413ea9,Estadio da Luz,Lisboa,Portugal,Björn Kuipers,4,1,0.62,0.38
m_116,2014-2015,17-02-2015,bdec8a408440,8056df088208,Parc des Princes,Paris,Francia,Cüneyt Çakır,1,1,0.45,0.54
m_117,2014-2015,11-03-2015,8056df088208,bdec8a408440,Stamford Bridge,Londres,Inglaterra,Björn Kuipers,2,2,0.49,0.51
m_118,2014-2015,18-02-2015,ebf2d2f5d61d,550d05ab240e,Etihad Stadium,Manchester,Inglaterra,,1,2,0.37,0.62
m_119,2014-2015,18-03-2015,550d05ab240e,ebf2d2f5d61d,Camp Nou,Barcelona,España,Gianluca Rocchi,1,0,0.57,0.42
m_120,2014-2015,24-02-2015,e1e2b54b5c32,216584413ea9,BayArena,Leverkusen,Alemania,,1,0,0.65,0.34
m_121,2014-2015,17-03-2015,216584413ea9,e1e2b54b5c32,Vicente Calderon,Madrid,España,Nicola Rizzoli,1,0,0.48,0.51
m_122,2014-2015,24-02-2015,4fc9baf21034,d6a297c6193f,Emirates Stadium,Londres,Inglaterra,,1,3,0.57,0.42
m_123,2014-2015,17-03-2015,d6a297c6193f,4fc9baf21034,Stade Louis II,Monaco,Monaco,Svein Oddvar Moen,0,2,0.29,0.7
m_124,2014-2015,25-02-2015,0fe76b7fe2ce,240dd2121e44,Arena Lviv,Lviv,Ucrania,,0,0,0.36,0.63
m_125,2014-2015,11-03-2015,240dd2121e44,0fe76b7fe2ce,Allianz Arena,Munich,Alemania,William Collum,7,0,0.73,0.26
m_126,2014-2015,25-02-2015,09231e49e8f9,93330b415214,Veltins-Arena,Gelsenkirchen,Alemania,,0,2,0.39,0.61
m_127,2014-2015,10-03-2015,93330b415214,09231e49e8f9,Santiago Bernabeu,Madrid,España,Damir Skomina,3,4,0.48,0.52
m_128,2014-2015,18-02-2015,aea93afdf4be,8493f398f200,St. Jakob-Park,Basilea,Suiza,Mark Clattenburg,1,1,0.37,0.63
m_129,2014-2015,10-03-2015,8493f398f200,aea93afdf4be,Estadio do Dragao,Porto,Portugal,Jonas Eriksson,4,0,0.51,0.48
m_130,2014-2015,17-02-2015,fdb4b66db097,9457f1ba26ee,Juventus Stadium,Turin,Italia,,2,1,0.46,0.53
m_131,2014-2015,18-03-2015,9457f1ba26ee,fdb4b66db097,Signal Iduna Park,Dortmund,Alemania,Milorad Mažić,0,3,0.55,0.44
m_132,2014-2015,14-04-2015,216584413ea9,93330b415214,Vicente Calderon,Madrid,España,Milorad Mažić,0,0,0.39,0.61
m_133,2014-2015,22-04-2015,93330b415214,216584413ea9,Santiago Bernabeu,Madrid,España,Felix Brych,1,0,0.63,0.37
m_134,2014-2015,14-04-2015,bdec8a408440,550d05ab240e,Parc des Princes,Paris,Francia,,1,3,0.66,0.34
m_135,2014-2015,21-04-2015,550d05ab240e,bdec8a408440,Camp Nou,Barcelona,España,Svein Oddvar Moen,2,0,0.57,0.43
m_136,2014-2015,15-04-2015,8493f398f200,240dd2121e44,Estadio do Dragao,Porto,Portugal,Carlos Velasco Carballo,3,1,0.32,0.68
m_137,2014-2015,21-04-2015,240dd2121e44,8493f398f200,Allianz Arena,Munich,Alemania,Martin Atkinson,6,1,0.55,0.45
m_138,2014-2015,15-04-2015,fdb4b66db097,d6a297c6193f,Juventus Stadium,Turin,Italia,,1,0,0.64,0.36
m_139,2014-2015,22-04-2015,d6a297c6193f,fdb4b66db097,Stade Louis II,Monaco,Monaco,William Collum,0,0,0.56,0.44
m_140,2014-2015,05-05-2015,fdb4b66db097,93330b415214,Juventus Stadium,Turin,Italia,Martin Atkinson,2,1,0.48,0.52
m_141,2014-2015,13-05-2015,93330b415214,fdb4b66db097,Santiago Bernabeu,Madrid,España,Jonas Eriksson,1,1,0.54,0.46
m_142,2014-2015,06-05-2015,550d05ab240e,240dd2121e44,Camp Nou,Barcelona,España,Nicola Rizzoli,3,0,0.45,0.55
m_143,2014-2015,12-05-2015,240dd2121e44,550d05ab240e,Allianz Arena,Munich,Alemania,Mark Clattenburg,3,2,0.54,0.46
m_144,2014-2015,06-06-2015,550d05ab240e,fdb4b66db097,Olympiastadion,Berlin,Alemania,Cüneyt Çakır,3,1,0.62,0.38
m_145,2015-2016,16-02-2016,bdec8a408440,8056df088208,Parc des Princes,Paris,Francia,Carlos Velasco Carballo,2,1,0.35,0.65
m_146,2015-2016,09-03-2016,8056df088208,bdec8a408440,Stamford Bridge,Londres,Inglaterra,Felix Brych,1,2,0.37,0.63
m_147,2015-2016,17-02-2016,e82fd46b0550,93330b415214,Stadio Olimpico,Roma,Italia,Pavel Královec,0,2,0.39,0.61
m_148,2015-2016,08-03-2016,93330b415214,e82fd46b0550,Santiago Bernabeu,Madrid,España,Szymon Marciniak,2,0,0.59,0.41
m_149,2015-2016,23-02-2016,4fc9baf21034,550d05ab240e,Emirates Stadium,Londres,Inglaterra,Cüneyt Çakır,0,2,0.34,0.66
m_150,2015-2016,16-03-2016,550d05ab240e,4fc9baf21034,Camp Nou,Barcelona,España,Sergei Karasev,3,1,0.64,0.36
m_151,2015-2016,23-02-2016,fdb4b66db097,240dd2121e44,Juventus Stadium,Turin,Italia,Martin Atkinson,2,2,0.33,0.67
m_152,2015-2016,16-03-2016,240dd2121e44,fdb4b66db097,Allianz Arena,Munich,Alemania,Jonas Eriksson,4,2,0.75,0.25
m_153,2015-2016,24-02-2016,ea7d100031c0,216584413ea9,Philips Stadion,Eindhoven,Países Bajos,Daniele Orsato,0,0,0.42,0.58
m_154,2015-2016,15-03-2016,216584413ea9,ea7d100031c0,Vicente Calderon,Madrid,España,Mark Clattenburg,0,0,0.59,0.41
m_155,2015-2016,24-02-2016,9608110853ee,ebf2d2f5d61d,Olimpiyskiy Stadium,Kiev,Ucrania,Antonio Mateu Lahoz,1,3,0.49,0.51
m_156,2015-2016,15-03-2016,ebf2d2f5d61d,9608110853ee,Etihad Stadium,Manchester,Inglaterra,Ovidiu Haţegan,0,0,0.46,0.54
m_157,2015-2016,16-02-2016,e4bbc3bef62e,479bf0803cf7,Estadio da Luz,Lisboa,Portugal,Gianluca Rocchi,1,0,0.64,0.36
m_158,2015-2016,09-03-2016,479bf0803cf7,e4bbc3bef62e,Petrovsky Stadium,San Petersburgo,Rusia,Viktor Kassai,1,2,0.56,0.44
m_159,2015-2016,17-02-2016,bc1f8a8dc753,27df84194517,Ghelamco Arena,Ghent,Bélgica,Svein Oddvar Moen,2,3,0.6,0.4
m_160,2015-2016,08-03-2016,27df84194517,bc1f8a8dc753,Volkswagen Arena,Wolfsburg,Alemania,Damir Skomina,1,0,0.47,0.53
m_161,2015-2016,05-04-2016,550d05ab240e,216584413ea9,Camp Nou,Barcelona,España,Felix Brych,2,1,0.74,0.26
m_162,2015-2016,13-04-2016,216584413ea9,550d05ab240e,Vicente Calderon,Madrid,España,Nicola Rizzoli,2,0,0.23,0.77
m_163,2015-2016,05-04-2016,240dd2121e44,e4bbc3bef62e,Allianz Arena,Munich,Alemania,Szymon Marciniak,1,0,0.68,0.32
m_164,2015-2016,13-04-2016,e4bbc3bef62e,240dd2121e44,Estadio da Luz,Lisboa,Portugal,Björn Kuipers,2,2,0.26,0.74
m_165,2015-2016,06-04-2016,27df84194517,93330b415214,Volkswagen Arena,Wolfsburg,Alemania,Gianluca Rocchi,2,0,0.39,0.61
m_166,2015-2016,12-04-2016,93330b415214,27df84194517,Santiago Bernabeu,Madrid,España,Viktor Kassai,3,0,0.58,0.42
m_167,2015-2016,06-04-2016,bdec8a408440,ebf2d2f5d61d,Parc des Princes,Paris,Francia,Milorad Mažić,2,2,0.33,0.67
m_168,2015-2016,12-04-2016,ebf2d2f5d61d,bdec8a408440,Etihad Stadium,Manchester,Inglaterra,Carlos Velasco Carballo,1,0,0.36,0.64
m_169,2015-2016,26-04-2016,ebf2d2f5d61d,93330b415214,Etihad Stadium,Manchester,Inglaterra,Cüneyt Çakır,0,0,0.45,0.55
m_170,2015-2016,04-05-2016,93330b415214,ebf2d2f5d61d,Santiago Bernabeu,Madrid,España,Damir Skomina,1,0,0.55,0.45
m_171,2015-2016,27-04-2016,216584413ea9,240dd2121e44,Vicente Calderon,Madrid,España,Mark Clattenburg,1,0,0.26,0.74
m_172,2015-2016,03-05-2016,240dd2121e44,216584413ea9,Allianz Arena,Munich,Alemania,Cüneyt Çakır,2,1,0.73,0.27
m_173,2015-2016,28-05-2016,93330b415214,216584413ea9,San Siro,Milán,Italia,Mark Clattenburg,1,1,0.48,0.52
m_174,2016-2017,14-02-2017,bdec8a408440,550d05ab240e,Parc des Princes,Paris,Francia,Szymon Marciniak,4,0,0.57,0.43
m_175,2016-2017,08-03-2017,550d05ab240e,bdec8a408440,Camp Nou,Barcelona,España,Deniz Aytekin,6,1,0.71,0.29
m_176,2016-2017,15-02-2017,e4bbc3bef62e,9457f1ba26ee,Estadio da Luz,Lisboa,Portugal,,1,0,0.31,0.69
m_177,2016-2017,08-03-2017,9457f1ba26ee,e4bbc3bef62e,Signal Iduna Park,Dortmund,Alemania,Martin Atkinson,4,0,0.55,0.45
m_178,2016-2017,14-02-2017,240dd2121e44,4fc9baf21034,Allianz Arena,Munich,Alemania,,5,1,0.74,0.26
m_179,2016-2017,07-03-2017,4fc9baf21034,240dd2121e44,Emirates Stadium,Londres,Inglaterra,Tasos Sidiropoulos,1,5,0.43,0.57
m_180,2016-2017,15-02-2017,93330b415214,c600c031a1ea,Santiago Bernabeu,Madrid,España,Damir Skomina,3,1,0.5,0.5
m_181,2016-2017,07-03-2017,c600c031a1ea,93330b415214,San Paolo,Napoles,Italia,Cüneyt Çakır,1,3,0.55,0.45
m_182,2016-2017,21-02-2017,ebf2d2f5d61d,d6a297c6193f,Etihad Stadium,Manchester,Inglaterra,Antonio Mateu Lahoz,5,3,0.67,0.33
m_183,2016-2017,15-03-2017,d6a297c6193f,ebf2d2f5d61d,Stade Louis II,Monaco,Monaco,Gianluca Rocchi,3,1,0.41,0.59
m_184,2016-2017,21-02-2017,e1e2b54b5c32,216584413ea9,BayArena,Leverkusen,Alemania,William Collum,2,4,0.62,0.38
m_185,2016-2017,15-03-2017,216584413ea9,e1e2b54b5c32,Vicente Calderon,Madrid,España,Sergei Karasev,0,0,0.44,0.56
m_186,2016-2017,22-02-2017,8493f398f200,fdb4b66db097,Estadio do Dragao,Porto,Portugal,Felix Brych,0,2,0.24,0.76
m_187,2016-2017,14-03-2017,fdb4b66db097,8493f398f200,Juventus Stadium,Turin,Italia,Ovidiu Haţegan,1,0,0.66,0.34
m_188,2016-2017,22-02-2017,b2118d2ca017,684362f02c12,Ramon Sanchez Pizjuan,Sevilla,España,Clément Turpin,2,1,0.72,0.28
m_189,2016-2017,14-03-2017,684362f02c12,b2118d2ca017,King Power Stadium,Leicester,Inglaterra,Daniele Orsato,2,0,0.29,0.71
m_190,2016-2017,11-04-2017,fdb4b66db097,550d05ab240e,Juventus Stadium,Turin,Italia,Szymon Marciniak,3,0,0.32,0.68
m_191,2016-2017,19-04-2017,550d05ab240e,fdb4b66db097,Camp Nou,Barcelona,España,Björn Kuipers,0,0,0.65,0.35
m_192,2016-2017,11-04-2017,9457f1ba26ee,d6a297c6193f,Signal Iduna Park,Dortmund,Alemania,,2,3,0.35,0.65
m_193,2016-2017,19-04-2017,d6a297c6193f,9457f1ba26ee,Stade Louis II,Monaco,Monaco,Damir Skomina,3,1,0.3,0.7
m_194,2016-2017,12-04-2017,216584413ea9,684362f02c12,Vicente Calderon,Madrid,España,Jonas Eriksson,1,0,0.68,0.32
m_195,2016-2017,18-04-2017,684362f02c12,216584413ea9,King Power Stadium,Leicester,Inglaterra,Gianluca Rocchi,1,1,0.56,0.44
m_196,2016-2017,12-04-2017,240dd2121e44,93330b415214,Allianz Arena,Munich,Alemania,Nicola Rizzoli,1,2,0.48,0.52
m_197,2016-2017,18-04-2017,93330b415214,240dd2121e44,Santiago Bernabeu,Madrid,España,Viktor Kassai,4,2,0.48,0.52
m_198,2016-2017,02-05-2017,93330b415214,216584413ea9,Santiago Bernabeu,Madrid,España,Martin Atkinson,3,0,0.62,0.38
m_199,2016-2017,10-05-2017,216584413ea9,93330b415214,Vicente Calderon,Madrid,España,Cüneyt Çakır,2,1,0.36,0.64
m_200,2016-2017,03-05-2017,d6a297c6193f,fdb4b66db097,Stade Louis II,Monaco,Monaco,Antonio Mateu Lahoz,0,2,0.5,0.5
m_201,2016-2017,09-05-2017,fdb4b66db097,d6a297c6193f,Juventus Stadium,Turin,Italia,Björn Kuipers,2,1,0.52,0.48
m_202,2016-2017,03-06-2017,fdb4b66db097,93330b415214,Millennium Stadium,Cardiff,Gales,Felix Brych,1,4,0.44,0.56
m_203,2017-2018,13-02-2018,fdb4b66db097,6edafb11d82f,Allianz Stadium,Turin,Italia,Felix Brych,2,2,0.34,0.66
m_204,2017-2018,07-03-2018,6edafb11d82f,fdb4b66db097,Wembley,Londres,Inglaterra,Szymon Marciniak,1,2,0.54,0.46
m_205,2017-2018,13-02-2018,aea93afdf4be,ebf2d2f5d61d,St. Jakob-Park,Basilea,Suiza,Jonas Eriksson,0,4,0.26,0.74
m_206,2017-2018,07-03-2018,ebf2d2f5d61d,aea93afdf4be,Etihad Stadium,Manchester,Inglaterra,Pavel Královec,1,2,0.78,0.22
m_207,2017-2018,14-02-2018,8493f398f200,afce84ff2264,Estadio do Dragao,Porto,Portugal,Daniele Orsato,0,5,0.45,0.55
m_208,2017-2018,06-03-2018,afce84ff2264,8493f398f200,Anfield,Liverpool,Inglaterra,Felix Zwayer,0,0,0.66,0.34
m_209,2017-2018,14-02-2018,93330b415214,bdec8a408440,Santiago Bernabeu,Madrid,España,Gianluca Rocchi,3,1,0.5,0.5
m_210,2017-2018,06-03-2018,bdec8a408440,93330b415214,Parc des Princes,Paris,Francia,Felix Brych,1,2,0.5,0.5
m_211,2017-2018,20-02-2018,8056df088208,550d05ab240e,Stamford Bridge,Londres,Inglaterra,Cüneyt Çakır,1,1,0.27,0.73
m_212,2017-2018,14-03-2018,550d05ab240e,8056df088208,Camp Nou,Barcelona,España,Damir Skomina,3,0,0.56,0.44
m_213,2017-2018,20-02-2018,240dd2121e44,97518921fea5,Allianz Arena,Munich,Alemania,Ovidiu Haţegan,5,0,0.69,0.31
m_214,2017-2018,14-03-2018,97518921fea5,240dd2121e44,Vodafone Park,Estambul,Turquia,Michael Oliver,1,3,0.49,0.51
m_215,2017-2018,21-02-2018,0fe76b7fe2ce,e82fd46b0550,Metalist Stadium,Kharkiv,Ucrania,William Collum,2,1,0.52,0.48
m_216,2017-2018,13-03-2018,e82fd46b0550,0fe76b7fe2ce,Stadio Olimpico,Roma,Italia,Alberto Undiano Mallenco,1,0,0.37,0.63
m_217,2017-2018,21-02-2018,b2118d2ca017,9ff48521032a,Ramon Sanchez Pizjuan,Sevilla,España,,0,0,0.57,0.43
m_218,2017-2018,13-03-2018,9ff48521032a,b2118d2ca017,Old Trafford,Manchester,Inglaterra,,1,2,0.51,0.49
m_219,2017-2018,03-04-2018,fdb4b66db097,93330b415214,Allianz Stadium,Turin,Italia,Cüneyt Çakır,0,3,0.44,0.56
m_220,2017-2018,11-04-2018,93330b415214,fdb4b66db097,Santiago Bernabeu,Madrid,España,Michael Oliver,1,3,0.62,0.38
m_221,2017-2018,03-04-2018,b2118d2ca017,240dd2121e44,Ramon Sanchez Pizjuan,Sevilla,España,Daniele Orsato,1,2,0.42,0.58
m_222,2017-2018,11-04-2018,240dd2121e44,b2118d2ca017,Allianz Arena,Munich,Alemania,William Collum,0,0,0.5,0.5
m_223,2017-2018,04-04-2018,550d05ab240e,e82fd46b0550,Camp Nou,Barcelona,España,Danny Makkelie,4,1,0.59,0.41
m_224,2017-2018,10-04-2018,e82fd46b0550,550d05ab240e,Stadio Olimpico,Roma,Italia,Clément Turpin,3,0,0.43,0.57
m_225,2017-2018,04-04-2018,afce84ff2264,ebf2d2f5d61d,Anfield,Liverpool,Inglaterra,Felix Brych,3,0,0.34,0.66
m_226,2017-2018,10-04-2018,ebf2d2f5d61d,afce84ff2264,Etihad Stadium,Manchester,Inglaterra,Antonio Mateu Lahoz,1,2,0.68,0.32
m_227,2017-2018,24-04-2018,afce84ff2264,e82fd46b0550,Anfield,Liverpool,Inglaterra,Felix Brych,5,2,0.49,0.51
m_228,2017-2018,02-05-2018,e82fd46b0550,afce84ff2264,Stadio Olimpico,Roma,Italia,Damir Skomina,4,2,0.6,0.4
m_229,2017-2018,25-04-2018,240dd2121e44,93330b415214,Allianz Arena,Munich,Alemania,Björn Kuipers,1,2,0.6,0.4
m_230,2017-2018,01-05-2018,93330b415214,240dd2121e44,Santiago Bernabeu,Madrid,España,Cüneyt Çakır,2,2,0.4,0.6
m_231,2017-2018,26-05-2018,93330b415214,afce84ff2264,NSC Olimpiyskiy,Kiev,Ucrania,Milorad Mažić,3,1,0.66,0.34
m_232,2018-2019,12-02-2019,9ff48521032a,bdec8a408440,Old Trafford,Manchester,Inglaterra,,0,2,0.32,0.68
m_233,2018-2019,06-03-2019,bdec8a408440,9ff48521032a,Parc des Princes,Paris,Francia,,1,3,0.28,0.72
m_234,2018-2019,12-02-2019,e82fd46b0550,8493f398f200,Stadio Olimpico,Roma,Italia,Danny Makkelie,2,1,0.43,0.57
m_235,2018-2019,06-03-2019,8493f398f200,e82fd46b0550,Estadio do Dragao,Porto,Portugal,Cüneyt Çakır,3,1,0.59,0.41
m_236,2018-2019,13-02-2019,3eb7106c3477,93330b415214,Johan Cruyff Arena,Amsterdam,Paises Bajos,Damir Skomina,1,2,0.5,0.5
m_237,2018-2019,05-03-2019,93330b415214,3eb7106c3477,Santiago Bernabeu,Madrid,España,Felix Brych,1,4,0.57,0.43
m_238,2018-2019,13-02-2019,6edafb11d82f,9457f1ba26ee,Wembley,Londres,Inglaterra,Antonio Mateu Lahoz,3,0,0.53,0.47
m_239,2018-2019,05-03-2019,9457f1ba26ee,6edafb11d82f,Signal Iduna Park,Dortmund,Alemania,Danny Makkelie,0,1,0.64,0.36
m_240,2018-2019,19-02-2019,debecab907cc,550d05ab240e,Groupama Stadium,Lyon,Francia,Cüneyt Çakır,0,0,0.37,0.63
m_241,2018-2019,13-03-2019,550d05ab240e,debecab907cc,Camp Nou,Barcelona,España,Szymon Marciniak,5,1,0.55,0.45
m_242,2018-2019,19-02-2019,afce84ff2264,240dd2121e44,Anfield,Liverpool,Inglaterra,Gianluca Rocchi,0,0,0.49,0.51
m_243,2018-2019,13-03-2019,240dd2121e44,afce84ff2264,Allianz Arena,Munich,Alemania,Daniele Orsato,1,3,0.58,0.42
m_244,2018-2019,20-02-2019,216584413ea9,fdb4b66db097,Wanda Metropolitano,Madrid,España,Felix Zwayer,2,0,0.37,0.63
m_245,2018-2019,12-03-2019,fdb4b66db097,216584413ea9,Juventus Stadium,Turin,Italia,Björn Kuipers,3,0,0.62,0.38
m_246,2018-2019,20-02-2019,09231e49e8f9,ebf2d2f5d61d,Veltins-Arena,Gelsenkirchen,Alemania,Carlos del Cerro Grande,2,3,0.34,0.66
m_247,2018-2019,12-03-2019,ebf2d2f5d61d,09231e49e8f9,Etihad Stadium,Manchester,Inglaterra,Clément Turpin,7,0,0.72,0.28
m_248,2018-2019,09-04-2019,afce84ff2264,8493f398f200,Anfield,Liverpool,Inglaterra,Antonio Mateu Lahoz,2,0,0.64,0.36
m_249,2018-2019,17-04-2019,8493f398f200,afce84ff2264,Estadio do Dragao,Porto,Portugal,Danny Makkelie,1,4,0.51,0.49
m_250,2018-2019,09-04-2019,6edafb11d82f,ebf2d2f5d61d,Tottenham Hotspur Stadium,Londres,Inglaterra,Björn Kuipers,1,0,0.41,0.59
m_251,2018-2019,17-04-2019,ebf2d2f5d61d,6edafb11d82f,Etihad Stadium,Manchester,Inglaterra,Cüneyt Çakır,4,3,0.66,0.34
m_252,2018-2019,10-04-2019,3eb7106c3477,fdb4b66db097,Johan Cruyff Arena,Amsterdam,Paises Bajos,Carlos del Cerro Grande,1,1,0.61,0.39
m_253,2018-2019,16-04-2019,fdb4b66db097,3eb7106c3477,Juventus Stadium,Turin,Italia,Clément Turpin,1,2,0.51,0.49
m_254,2018-2019,10-04-2019,9ff48521032a,550d05ab240e,Old Trafford,Manchester,Inglaterra,,0,1,0.34,0.66
m_255,2018-2019,16-04-2019,550d05ab240e,9ff48521032a,Camp Nou,Barcelona,España,,3,0,0.66,0.34
m_256,2018-2019,30-04-2019,6edafb11d82f,3eb7106c3477,Tottenham Hotspur Stadium,Londres,Inglaterra,Antonio Mateu Lahoz,0,1,0.51,0.49
m_257,2018-2019,08-05-2019,3eb7106c3477,6edafb11d82f,Johan Cruyff Arena,Amsterdam,Paises Bajos,Felix Brych,2,3,0.4,0.6
m_258,2018-2019,01-05-2019,550d05ab240e,afce84ff2264,Camp Nou,Barcelona,España,Björn Kuipers,3,0,0.48,0.52
m_259,2018-2019,07-05-2019,afce84ff2264,550d05ab240e,Anfield,Liverpool,Inglaterra,Cüneyt Çakır,4,0,0.43,0.57
m_260,2018-2019,01-06-2019,6edafb11d82f,afce84ff2264,Wanda Metropolitano,Madrid,España,Damir Skomina,0,2,0.65,0.35
m_261,2019-2020,18-02-2020,216584413ea9,afce84ff2264,Wanda Metropolitano,Madrid,España,Szymon Marciniak,1,0,0.27,0.73
m_262,2019-2020,11-03-2020,afce84ff2264,216584413ea9,Anfield,Liverpool,Inglaterra,Danny Makkelie,2,3,0.71,0.29
m_263,2019-2020,19-02-2020,9457f1ba26ee,bdec8a408440,Signal Iduna Park,Dortmund,Alemania,,2,1,0.47,0.53
m_264,2019-2020,11-03-2020,bdec8a408440,9457f1ba26ee,Parc des Princes,Paris,Francia,Anthony Taylor,2,0,0.53,0.47
m_265,2019-2020,25-02-2020,93330b415214,ebf2d2f5d61d,Santiago Bernabeu,Madrid,España,,1,2,0.49,0.51
m_266,2019-2020,07-08-2020,ebf2d2f5d61d,93330b415214,Etihad Stadium,Manchester,Inglaterra,Felix Brych,2,1,0.55,0.45
m_267,2019-2020,25-02-2020,debecab907cc,fdb4b66db097,Groupama Stadium,Lyon,Francia,,1,0,0.36,0.64
m_268,2019-2020,07-08-2020,fdb4b66db097,debecab907cc,Allianz Stadium,Turin,Italia,Felix Zwayer,2,1,0.62,0.38
m_269,2019-2020,26-02-2020,6edafb11d82f,91a12d209484,Tottenham Hotspur Stadium,Londres,Inglaterra,,0,1,0.43,0.57
m_270,2019-2020,10-03-2020,91a12d209484,6edafb11d82f,Red Bull Arena,Leipzig,Alemania,Carlos del Cerro Grande,3,0,0.54,0.46
m_271,2019-2020,18-02-2020,e341c0b20802,bddfcdfa742c,San Siro,Milán,Italia,,4,1,0.51,0.49
m_272,2019-2020,10-03-2020,bddfcdfa742c,e341c0b20802,Mestalla,Valencia,España,Ovidiu Haţegan,3,4,0.59,0.41
m_273,2019-2020,19-02-2020,8056df088208,240dd2121e44,Stamford Bridge,Londres,Inglaterra,,0,3,0.37,0.63
m_274,2019-2020,08-08-2020,240dd2121e44,8056df088208,Allianz Arena,Munich,Alemania,Ovidiu Haţegan,4,1,0.63,0.37
m_275,2019-2020,19-02-2020,c600c031a1ea,550d05ab240e,San Paolo,Napoles,Italia,,1,1,0.33,0.67
m_276,2019-2020,08-08-2020,550d05ab240e,c600c031a1ea,Camp Nou,Barcelona,España,Cüneyt Çakır,3,1,0.51,0.49
m_277,2019-2020,12-08-2020,e341c0b20802,bdec8a408440,Estadio da Luz,Lisboa,Portugal,Anthony Taylor,1,2,0.37,0.63
m_278,2019-2020,13-08-2020,91a12d209484,216584413ea9,Estadio Jose Alvalade,Lisboa,Portugal,Szymon Marciniak,2,1,0.57,0.43
m_279,2019-2020,14-08-2020,550d05ab240e,240dd2121e44,Estadio da Luz,Lisboa,Portugal,Damir Skomina,2,8,0.51,0.49
m_280,2019-2020,15-08-2020,ebf2d2f5d61d,debecab907cc,Estadio Jose Alvalade,Lisboa,Portugal,Danny Makkelie,1,3,0.72,0.28
m_281,2019-2020,18-08-2020,91a12d209484,bdec8a408440,Estadio da Luz,Lisboa,Portugal,Björn Kuipers,0,3,0.42,0.58
m_282,2019-2020,19-08-2020,debecab907cc,240dd2121e44,Estadio Jose Alvalade,Lisboa,Portugal,Antonio Mateu Lahoz,0,3,0.34,0.66
m_283,2019-2020,23-08-2020,bdec8a408440,240dd2121e44,Estadio da Luz,Lisboa,Portugal,Daniele Orsato,0,1,0.62,0.38
m_284,2020-2021,16-02-2021,550d05ab240e,bdec8a408440,Camp Nou,Barcelona,España,Björn Kuipers,1,4,0.52,0.48
m_285,2020-2021,10-03-2021,bdec8a408440,550d05ab240e,Parc des Princes,Paris,Francia,Anthony Taylor,1,1,0.72,0.28
m_286,2020-2021,17-02-2021,8493f398f200,fdb4b66db097,Estadio do Dragao,Porto,Portugal,Carlos del Cerro Grande,2,1,0.35,0.65
m_287,2020-2021,09-03-2021,fdb4b66db097,8493f398f200,Allianz Stadium,Turin,Italia,Björn Kuipers,3,2,0.68,0.32
m_288,2020-2021,16-02-2021,91a12d209484,afce84ff2264,Puskas Arena,Budapest,Hungria,Slavko Vinčić,0,2,0.48,0.52
m_289,2020-2021,10-03-2021,afce84ff2264,91a12d209484,Anfield,Liverpool,Inglaterra,Clément Turpin,2,0,0.4,0.6
m_290,2020-2021,17-02-2021,b2118d2ca017,9457f1ba26ee,Ramon Sanchez Pizjuan,Sevilla,España,Danny Makkelie,2,3,0.66,0.34
m_291,2020-2021,09-03-2021,9457f1ba26ee,b2118d2ca017,Signal Iduna Park,Dortmund,Alemania,Cüneyt Çakır,2,2,0.31,0.69
m_292,2020-2021,23-02-2021,216584413ea9,8056df088208,Arena Nationala,Bucarest,Rumania,Felix Brych,0,1,0.37,0.63
m_293,2020-2021,17-03-2021,8056df088208,216584413ea9,Stamford Bridge,Londres,Inglaterra,Daniele Orsato,2,0,0.56,0.44
m_294,2020-2021,23-02-2021,84d0447bddc0,240dd2121e44,Stadio Olimpico,Roma,Italia,Orel Grinfeeld,1,4,0.44,0.56
m_295,2020-2021,17-03-2021,240dd2121e44,84d0447bddc0,Allianz Arena,Munich,Alemania,István Kovács,2,1,0.0,0.0
m_296,2020-2021,24-02-2021,e341c0b20802,93330b415214,Gewiss Stadium,Bergamo,Italia,Tobias Stieler,0,1,0.31,0.69
m_297,2020-2021,16-03-2021,93330b415214,e341c0b20802,Santiago Bernabeu,Madrid,España,Danny Makkelie,3,1,0.53,0.47
m_298,2020-2021,24-02-2021,900d891b5d20,ebf2d2f5d61d,Puskas Arena,Budapest,Hungria,Artur Soares Dias,0,2,0.39,0.61
m_299,2020-2021,16-03-2021,ebf2d2f5d61d,900d891b5d20,Etihad Stadium,Manchester,Inglaterra,Sergei Karasev,2,0,0.67,0.33
m_300,2020-2021,06-04-2021,93330b415214,afce84ff2264,Alfredo Di Stefano,Madrid,España,Felix Brych,3,1,0.46,0.54
m_301,2020-2021,14-04-2021,afce84ff2264,93330b415214,Anfield,Liverpool,Inglaterra,Björn Kuipers,0,0,0.56,0.44
m_302,2020-2021,06-04-2021,ebf2d2f5d61d,9457f1ba26ee,Etihad Stadium,Manchester,Inglaterra,Ovidiu Haţegan,2,1,0.62,0.38
m_303,2020-2021,14-04-2021,9457f1ba26ee,ebf2d2f5d61d,Signal Iduna Park,Dortmund,Alemania,Carlos del Cerro Grande,1,2,0.38,0.62
m_304,2020-2021,07-04-2021,240dd2121e44,bdec8a408440,Allianz Arena,Munich,Alemania,Antonio Mateu Lahoz,2,3,0.64,0.36
m_305,2020-2021,13-04-2021,bdec8a408440,240dd2121e44,Parc des Princes,Paris,Francia,Daniele Orsato,0,1,0.56,0.44
m_306,2020-2021,07-04-2021,8493f398f200,8056df088208,Ramon Sanchez Pizjuan,Sevilla,España,Slavko Vinčić,0,2,0.4,0.6
m_307,2020-2021,13-04-2021,8056df088208,8493f398f200,Ramon Sanchez Pizjuan,Sevilla,España,Clément Turpin,0,1,0.46,0.54
m_308,2020-2021,27-04-2021,93330b415214,8056df088208,Alfredo Di Stefano,Madrid,España,Danny Makkelie,1,1,0.51,0.49
m_309,2020-2021,05-05-2021,8056df088208,93330b415214,Stamford Bridge,Londres,Inglaterra,Daniele Orsato,2,0,0.32,0.68
m_310,2020-2021,28-04-2021,bdec8a408440,ebf2d2f5d61d,Parc des Princes,Paris,Francia,Felix Brych,1,2,0.59,0.41
m_311,2020-2021,04-05-2021,ebf2d2f5d61d,bdec8a408440,Etihad Stadium,Manchester,Inglaterra,Björn Kuipers,2,0,0.44,0.56
m_312,2020-2021,29-05-2021,ebf2d2f5d61d,8056df088208,Estadio do Dragao,Porto,Portugal,Antonio Mateu Lahoz,0,1,0.6,0.4
m_313,2021-2022,15-02-2022,bdec8a408440,93330b415214,Parc des Princes,Paris,Francia,Daniele Orsato,1,0,0.43,0.57
m_314,2021-2022,09-03-2022,93330b415214,bdec8a408440,Santiago Bernabeu,Madrid,España,Danny Makkelie,3,1,0.44,0.56
m_315,2021-2022,15-02-2022,49a73cc8acd2,ebf2d2f5d61d,Estadio Jose Alvalade,Lisboa,Portugal,Srdjan Jovanović,0,5,0.36,0.64
m_316,2021-2022,09-03-2022,ebf2d2f5d61d,49a73cc8acd2,Etihad Stadium,Manchester,Inglaterra,Umut Meler,0,0,0.68,0.32
m_317,2021-2022,16-02-2022,db41658ae019,afce84ff2264,San Siro,Milán,Italia,Szymon Marciniak,0,2,0.46,0.54
m_318,2021-2022,08-03-2022,afce84ff2264,db41658ae019,Anfield,Liverpool,Inglaterra,Antonio Mateu Lahoz,0,1,0.62,0.38
m_319,2021-2022,16-02-2022,ea6515eca27a,240dd2121e44,Red Bull Arena,Salzburgo,Austria,Michael Oliver,1,1,0.28,0.72
m_320,2021-2022,08-03-2022,240dd2121e44,ea6515eca27a,Allianz Arena,Munich,Alemania,Clément Turpin,7,1,0.72,0.28
m_321,2021-2022,22-02-2022,8056df088208,c56e94a98504,Stamford Bridge,Londres,Inglaterra,Jesús Gil Manzano,2,0,0.51,0.49
m_322,2021-2022,16-03-2022,c56e94a98504,8056df088208,Stade Pierre-Mauroy,Lille,Francia,Davide Massa,1,2,0.44,0.56
m_323,2021-2022,22-02-2022,27ac674b21d2,fdb4b66db097,Estadio de la Ceramica,Villarreal,España,Daniel Siebert,1,1,0.54,0.46
m_324,2021-2022,16-03-2022,fdb4b66db097,27ac674b21d2,Allianz Stadium,Turin,Italia,Szymon Marciniak,0,3,0.58,0.42
m_325,2021-2022,23-02-2022,216584413ea9,9ff48521032a,Wanda Metropolitano,Madrid,España,,1,1,0.37,0.63
m_326,2021-2022,15-03-2022,9ff48521032a,216584413ea9,Old Trafford,Manchester,Inglaterra,,0,1,0.6,0.4
m_327,2021-2022,23-02-2022,e4bbc3bef62e,3eb7106c3477,Estadio da Luz,Lisboa,Portugal,Slavko Vinčić,2,2,0.0,0.0
m_328,2021-2022,15-03-2022,3eb7106c3477,e4bbc3bef62e,Johan Cruyff Arena,Amsterdam,Paises Bajos,Carlos del Cerro Grande,0,1,0.69,0.31
m_329,2021-2022,05-04-2022,ebf2d2f5d61d,216584413ea9,Etihad Stadium,Manchester,Inglaterra,István Kovács,1,0,0.7,0.3
m_330,2021-2022,13-04-2022,216584413ea9,ebf2d2f5d61d,Wanda Metropolitano,Madrid,España,Daniel Siebert,0,0,0.4,0.6
m_331,2021-2022,05-04-2022,e4bbc3bef62e,afce84ff2264,Estadio da Luz,Lisboa,Portugal,Jesús Gil Manzano,1,3,0.34,0.66
m_332,2021-2022,13-04-2022,afce84ff2264,e4bbc3bef62e,Anfield,Liverpool,Inglaterra,Serdar Gözübüyük,3,3,0.66,0.34
m_333,2021-2022,06-04-2022,8056df088208,93330b415214,Stamford Bridge,Londres,Inglaterra,Clément Turpin,1,3,0.57,0.43
m_334,2021-2022,12-04-2022,93330b415214,8056df088208,Santiago Bernabeu,Madrid,España,Szymon Marciniak,2,3,0.43,0.57
m_335,2021-2022,06-04-2022,27ac674b21d2,240dd2121e44,Estadio de la Ceramica,Villarreal,España,Anthony Taylor,1,0,0.38,0.62
m_336,2021-2022,12-04-2022,240dd2121e44,27ac674b21d2,Allianz Arena,Munich,Alemania,Slavko Vinčić,1,1,0.68,0.32
m_337,2021-2022,26-04-2022,ebf2d2f5d61d,93330b415214,Etihad Stadium,Manchester,Inglaterra,István Kovács,4,3,0.6,0.4
m_338,2021-2022,04-05-2022,93330b415214,ebf2d2f5d61d,Santiago Bernabeu,Madrid,España,Daniele Orsato,3,1,0.44,0.56
m_339,2021-2022,27-04-2022,afce84ff2264,27ac674b21d2,Anfield,Liverpool,Inglaterra,Szymon Marciniak,2,0,0.73,0.27
m_340,2021-2022,03-05-2022,27ac674b21d2,afce84ff2264,Estadio de la Ceramica,Villarreal,España,Danny Makkelie,2,3,0.44,0.56
m_341,2021-2022,28-05-2022,afce84ff2264,93330b415214,Stade de France,Paris,Francia,Clément Turpin,0,1,0.54,0.46
m_342,2022-2023,14-02-2023,bdec8a408440,240dd2121e44,Parc des Princes,Paris,Francia,Michael Oliver,0,1,0.54,0.46
m_343,2022-2023,08-03-2023,240dd2121e44,bdec8a408440,Allianz Arena,Munich,Alemania,Daniele Orsato,2,0,0.45,0.55
m_344,2022-2023,14-02-2023,088d5f86b6f2,6edafb11d82f,San Siro,Milán,Italia,Sandro Schärer,1,0,0.47,0.53
m_345,2022-2023,08-03-2023,6edafb11d82f,088d5f86b6f2,Tottenham Hotspur Stadium,Londres,Inglaterra,Clément Turpin,0,0,0.54,0.46
m_346,2022-2023,15-02-2023,1775173b4ba8,e4bbc3bef62e,Jan Breydel Stadium,Brujas,Belgica,Davide Massa,0,2,0.45,0.55
m_347,2022-2023,07-03-2023,e4bbc3bef62e,1775173b4ba8,Estadio da Luz,Lisboa,Portugal,Umut Meler,5,1,0.6,0.4
m_348,2022-2023,15-02-2023,9457f1ba26ee,8056df088208,Signal Iduna Park,Dortmund,Alemania,Jesús Gil Manzano,1,0,0.48,0.52
m_349,2022-2023,07-03-2023,8056df088208,9457f1ba26ee,Stamford Bridge,Londres,Inglaterra,Danny Makkelie,2,0,0.4,0.6
m_350,2022-2023,21-02-2023,afce84ff2264,93330b415214,Anfield,Liverpool,Inglaterra,István Kovács,2,5,0.52,0.48
m_351,2022-2023,15-03-2023,93330b415214,afce84ff2264,Santiago Bernabeu,Madrid,España,Felix Zwayer,1,0,0.54,0.46
m_352,2022-2023,21-02-2023,48199c3e87ac,c600c031a1ea,Deutsche Bank Park,Frankfurt,Alemania,Artur Soares Dias,0,2,0.3,0.7
m_353,2022-2023,15-03-2023,c600c031a1ea,48199c3e87ac,Stadio Diego Armando Maradona,Napoles,Italia,Anthony Taylor,3,0,0.6,0.4
m_354,2022-2023,22-02-2023,db41658ae019,8493f398f200,San Siro,Milán,Italia,Srdjan Jovanović,1,0,0.6,0.4
m_355,2022-2023,14-03-2023,8493f398f200,db41658ae019,Estadio do Dragao,Porto,Portugal,Szymon Marciniak,0,0,0.68,0.32
m_356,2022-2023,22-02-2023,91a12d209484,ebf2d2f5d61d,Red Bull Arena,Leipzig,Alemania,Serdar Gözübüyük,1,1,0.38,0.62
m_357,2022-2023,14-03-2023,ebf2d2f5d61d,91a12d209484,Etihad Stadium,Manchester,Inglaterra,Slavko Vinčić,7,0,0.66,0.34
m_358,2022-2023,11-04-2023,93330b415214,8056df088208,Santiago Bernabeu,Madrid,España,Francois Letexier,2,0,0.57,0.43
m_359,2022-2023,18-04-2023,8056df088208,93330b415214,Stamford Bridge,Londres,Inglaterra,Daniele Orsato,0,2,0.54,0.46
m_360,2022-2023,11-04-2023,e4bbc3bef62e,db41658ae019,Estadio da Luz,Lisboa,Portugal,Michael Oliver,0,2,0.58,0.42
m_361,2022-2023,19-04-2023,db41658ae019,e4bbc3bef62e,San Siro,Milán,Italia,Carlos del Cerro Grande,3,3,0.4,0.6
m_362,2022-2023,12-04-2023,ebf2d2f5d61d,240dd2121e44,Etihad Stadium,Manchester,Inglaterra,Jesús Gil Manzano,3,0,0.44,0.56
m_363,2022-2023,19-04-2023,240dd2121e44,ebf2d2f5d61d,Allianz Arena,Munich,Alemania,Clément Turpin,1,1,0.58,0.42
m_364,2022-2023,12-04-2023,088d5f86b6f2,c600c031a1ea,San Siro,Milán,Italia,István Kovács,1,0,0.47,0.53
m_365,2022-2023,18-04-2023,c600c031a1ea,088d5f86b6f2,Stadio Diego Armando Maradona,Napoles,Italia,Szymon Marciniak,1,1,0.74,0.26
m_366,2022-2023,09-05-2023,93330b415214,ebf2d2f5d61d,Santiago Bernabeu,Madrid,España,Artur Soares Dias,1,1,0.44,0.56
m_367,2022-2023,17-05-2023,ebf2d2f5d61d,93330b415214,Etihad Stadium,Manchester,Inglaterra,Szymon Marciniak,4,0,0.59,0.41
m_368,2022-2023,10-05-2023,088d5f86b6f2,db41658ae019,San Siro,Milán,Italia,Jesús Gil Manzano,0,2,0.57,0.43
m_369,2022-2023,16-05-2023,db41658ae019,088d5f86b6f2,San Siro,Milán,Italia,Clément Turpin,1,0,0.44,0.56
m_370,2022-2023,10-06-2023,ebf2d2f5d61d,db41658ae019,Estadio Olimpico Ataturk,Estambul,Turquia,Szymon Marciniak,1,0,0.56,0.44
m_371,2023-2024,13-02-2024,2da3c827ccab,ebf2d2f5d61d,Parken Stadium,Copenhague,Dinamarca,José María Sánchez,1,3,0.79,0.21
m_372,2023-2024,06-03-2024,ebf2d2f5d61d,2da3c827ccab,Etihad Stadium,Manchester,Inglaterra,Espen Eskås,3,1,0.69,0.31
m_373,2023-2024,13-02-2024,91a12d209484,93330b415214,Red Bull Arena,Leipzig,Alemania,Irfan Peljto,0,1,0.5,0.5
m_374,2023-2024,06-03-2024,93330b415214,91a12d209484,Santiago Bernabeu,Madrid,España,Davide Massa,1,1,0.54,0.46
m_375,2023-2024,14-02-2024,bdec8a408440,782246eac004,Parc des Princes,Paris,Francia,Marco Guida,2,0,0.38,0.62
m_376,2023-2024,05-03-2024,782246eac004,bdec8a408440,Reale Arena,San Sebastian,España,Michael Oliver,1,2,0.44,0.56
m_377,2023-2024,14-02-2024,84d0447bddc0,240dd2121e44,Stadio Olimpico,Roma,Italia,François Letexier,1,0,0.39,0.61
m_378,2023-2024,05-03-2024,240dd2121e44,84d0447bddc0,Allianz Arena,Munich,Alemania,Slavko Vinčić,3,0,0.6,0.4
m_379,2023-2024,20-02-2024,db41658ae019,216584413ea9,San Siro,Milán,Italia,István Kovács,1,0,0.56,0.44
m_380,2023-2024,13-03-2024,216584413ea9,db41658ae019,Wanda Metropolitano,Madrid,España,Szymon Marciniak,2,1,0.47,0.53
m_381,2023-2024,20-02-2024,ea7d100031c0,9457f1ba26ee,Philips Stadion,Eindhoven,Paises Bajos,Srdjan Jovanovic,1,1,0.55,0.45
m_382,2023-2024,12-03-2024,9457f1ba26ee,ea7d100031c0,BVB Stadion Dortmund,Dortmund,Alemania,Daniele Orsato,2,0,0.58,0.42
m_383,2023-2024,21-02-2024,8493f398f200,4fc9baf21034,Estadio do Dragao,Porto,Portugal,Serdar Gözübüyük,1,0,0.35,0.65
m_384,2023-2024,12-03-2024,4fc9baf21034,8493f398f200,Emirates Stadium,Londres,Inglaterra,Clément Turpin,1,0,0.58,0.42
m_385,2023-2024,21-02-2024,c600c031a1ea,550d05ab240e,Stadio Diego Armando Maradona,Napoles,Italia,Felix Zwayer,1,1,0.49,0.51
m_386,2023-2024,12-03-2024,550d05ab240e,c600c031a1ea,Camp Nou,Barcelona,España,Danny Makkelie,3,1,0.49,0.51
m_387,2023-2024,09-04-2024,4fc9baf21034,240dd2121e44,Emirates Stadium,Londres,Inglaterra,Glenn Nyberg,2,2,0.59,0.41
m_388,2023-2024,17-04-2024,240dd2121e44,4fc9baf21034,Allianz Arena,Munich,Alemania,Danny Makkelie,1,0,0.51,0.49
m_389,2023-2024,09-04-2024,93330b415214,ebf2d2f5d61d,Santiago Bernabeu,Madrid,España,François Letexier,3,3,0.38,0.62
m_390,2023-2024,17-04-2024,ebf2d2f5d61d,93330b415214,Etihad Stadium,Manchester,Inglaterra,Daniele Orsato,1,1,0.67,0.33
m_391,2023-2024,10-04-2024,bdec8a408440,550d05ab240e,Parc des Princes,Paris,Francia,Anthony Taylor,2,3,0.41,0.59
m_392,2023-2024,16-04-2024,550d05ab240e,bdec8a408440,Camp Nou,Barcelona,España,István Kovács,1,4,0.33,0.67
m_393,2023-2024,10-04-2024,216584413ea9,9457f1ba26ee,Wanda Metropolitano,Madrid,España,Marco Guida,2,1,0.33,0.67
m_394,2023-2024,16-04-2024,9457f1ba26ee,216584413ea9,Signal Iduna Park,Dortmund,Alemania,Slavko Vinčić,4,2,0.52,0.48
m_395,2023-2024,30-04-2024,240dd2121e44,93330b415214,Allianz Arena,Munich,Alemania,Clément Turpin,2,2,0.52,0.48
m_396,2023-2024,08-05-2024,93330b415214,240dd2121e44,Santiago Bernabeu,Madrid,España,Szymon Marciniak,2,1,0.57,0.43
m_397,2023-2024,01-05-2024,9457f1ba26ee,bdec8a408440,Signal Iduna Park,Dortmund,Alemania,Anthony Taylor,1,0,0.43,0.57
m_398,2023-2024,07-05-2024,bdec8a408440,9457f1ba26ee,Parc des Princes,Paris,Francia,Daniele Orsato,0,1,0.3,0.7
m_399,2023-2024,01-06-2024,93330b415214,9457f1ba26ee,Wembley Stadium,Londres,Inglaterra,Slavko Vinčić,2,0,0.57,0.43
m_400,2024-2025,11-02-2025,ebf2d2f5d61d,93330b415214,Etihad Stadium,Manchester,Inglaterra,Clément Turpin,2,3,0.54,0.46
m_401,2024-2025,11-02-2025,ed501eaf91a9,bdec8a408440,Stade de Roudourou,Guingamp,Francia,Irfan Peljto,0,3,0.38,0.62
m_402,2024-2025,11-02-2025,fdb4b66db097,f711ec7a2ed3,Allianz Stadium,Turín,Italia,Daniel Siebert,2,1,0.47,0.53
m_403,2024-2025,11-02-2025,49a73cc8acd2,9457f1ba26ee,José Alvalade,Lisboa,Portugal,Espen Eskås,0,3,0.46,0.54
m_404,2024-2025,12-02-2025,cdae7c289430,088d5f86b6f2,De Kuip,Rotterdam,Países Bajos,José María Sánchez,1,0,0.46,0.54
m_405,2024-2025,12-02-2025,d2c242b776f7,e4bbc3bef62e,Stade Louis II,Mónaco,Mónaco,Maurizio Mariani,0,1,0.44,0.56
m_406,2024-2025,12-02-2025,84f918364fcc,240dd2121e44,Celtic Park,Glasgow,Escocia,Jesús Gil Manzano,1,2,0.43,0.57
m_407,2024-2025,12-02-2025,1775173b4ba8,e341c0b20802,Jan Breydel,Brujas,Bélgica,Umut Meler,2,1,0.54,0.46
m_408,2024-2025,18-02-2025,088d5f86b6f2,cdae7c289430,San Siro,Milán,Italia,Szymon Marciniak,1,1,0.56,0.44
m_409,2024-2025,18-02-2025,e4bbc3bef62e,d2c242b776f7,Estádio da Luz,Lisboa,Portugal,Glenn Nyberg,3,3,0.4,0.6
m_410,2024-2025,18-02-2025,240dd2121e44,84f918364fcc,Allianz Arena,Múnich,Alemania,Benoît Bastien,1,1,0.67,0.33
m_411,2024-2025,18-02-2025,e341c0b20802,1775173b4ba8,New Balance Arena,Bérgamo,Italia,Felix Zwayer,1,3,0.65,0.35
m_412,2024-2025,19-02-2025,bdec8a408440,ed501eaf91a9,Parc des Princes,París,Francia,Michael Oliver,7,0,0.32,0.68
m_413,2024-2025,19-02-2025,f711ec7a2ed3,fdb4b66db097,Philips Stadion,Eindhoven,Países Bajos,Slavko Vinčić,3,1,0.59,0.41
m_414,2024-2025,19-02-2025,93330b415214,ebf2d2f5d61d,Santiago Bernabéu,Madrid,España,István Kovács,3,1,0.48,0.52
m_415,2024-2025,19-02-2025,9457f1ba26ee,49a73cc8acd2,Signal Iduna Park,Dortmund,Alemania,Davide Massa,0,0,0.55,0.45
m_416,2024-2025,04-03-2025,93330b415214,f53424f05135,Santiago Bernabéu,Madrid,España,Clément Turpin,2,1,0.51,0.49
m_417,2024-2025,04-03-2025,f711ec7a2ed3,4fc9baf21034,Philips Stadion,Eindhoven,Países Bajos,Jesús Gil Manzano,1,7,0.53,0.47
m_418,2024-2025,04-03-2025,9457f1ba26ee,bbb5244b71d6,Signal Iduna Park,Dortmund,Alemania,José María Sánchez,1,1,0.43,0.57
m_419,2024-2025,04-03-2025,1775173b4ba8,568cd44a200f,Jan Breydel,Brujas,Bélgica,João Pinheiro,1,3,0.56,0.44
m_420,2024-2025,05-03-2025,cdae7c289430,8c5830f24228,De Kuip,Rotterdam,Países Bajos,Espen Eskås,0,2,0.42,0.58
m_421,2024-2025,05-03-2025,e1e2b54b5c32,240dd2121e44,BayArena,Leverkusen,Alemania,Michael Oliver,0,2,0.35,0.65
m_422,2024-2025,05-03-2025,95adec7330c0,6096c6fc3b0f,Estádio da Luz,Lisboa,Portugal,Felix Zwayer,0,1,0.52,0.48
m_423,2024-2025,05-03-2025,bdec8a408440,afce84ff2264,Parc des Princes,París,Francia,Davide Massa,0,1,0.3,0.7
m_424,2024-2025,11-03-2025,6096c6fc3b0f,95adec7330c0,Lluís Companys,Barcelona,España,François Letexier,3,1,0.65,0.35
m_425,2024-2025,11-03-2025,8c5830f24228,cdae7c289430,San Siro,Milán,Italia,Ivan Kružliak,2,1,0.44,0.56
m_426,2024-2025,11-03-2025,afce84ff2264,bdec8a408440,Anfield,Liverpool,Inglaterra,István Kovács,0,1,0.0,0.0
m_427,2024-2025,11-03-2025,240dd2121e44,e1e2b54b5c32,Allianz Arena,Múnich,Alemania,Slavko Vinčić,3,0,0.47,0.53
m_428,2024-2025,12-03-2025,bbb5244b71d6,9457f1ba26ee,Pierre-Mauroy,Villeneuve-d'Ascq,Francia,Sandro Schärer,1,2,0.5,0.5
m_429,2024-2025,12-03-2025,568cd44a200f,1775173b4ba8,Villa Park,Birmingham,Inglaterra,Daniel Siebert,3,0,0.53,0.47
m_430,2024-2025,12-03-2025,4fc9baf21034,f711ec7a2ed3,Emirates Stadium,Londres,Inglaterra,Rade Obrenovič,2,2,0.51,0.49
m_431,2024-2025,12-03-2025,f53424f05135,93330b415214,Metropolitano,Madrid,España,Szymon Marciniak,1,0,0.38,0.62
m_432,2024-2025,08-04-2025,240dd2121e44,8c5830f24228,Allianz Arena,Múnich,Alemania,Sandro Schärer,1,2,0.58,0.42
m_433,2024-2025,08-04-2025,4fc9baf21034,93330b415214,Emirates Stadium,Londres,Inglaterra,Irfan Peljto,3,0,0.53,0.47
m_434,2024-2025,09-04-2025,6096c6fc3b0f,9457f1ba26ee,Lluís Companys,Barcelona,España,Felix Zwayer,4,0,0.6,0.4
m_435,2024-2025,09-04-2025,bdec8a408440,568cd44a200f,Parc des Princes,París,Francia,Szymon Marciniak,3,1,0.25,0.75
m_436,2024-2025,15-04-2025,568cd44a200f,bdec8a408440,Villa Park,Birmingham,Inglaterra,Michael Oliver,3,2,0.34,0.66
m_437,2024-2025,15-04-2025,9457f1ba26ee,6096c6fc3b0f,Signal Iduna Park,Dortmund,Alemania,Anthony Taylor,3,1,0.46,0.54
m_438,2024-2025,16-04-2025,93330b415214,4fc9baf21034,Santiago Bernabéu,Madrid,España,Clement Turpin,1,2,0.66,0.34
m_439,2024-2025,16-04-2025,8c5830f24228,240dd2121e44,San Siro,Milán,Italia,Slavko Vinčić,2,2,0.62,0.38
m_440,2024-2025,29-04-2025,4fc9baf21034,bdec8a408440,Emirates Stadium,Londres,Inglaterra,Sandro Schärer,0,1,0.48,0.52
m_441,2024-2025,30-04-2025,6096c6fc3b0f,8c5830f24228,Lluís Companys,Barcelona,España,Danny Makkelie,3,3,0.72,0.28
m_442,2024-2025,06-05-2025,8c5830f24228,6096c6fc3b0f,San Siro,Milán,Italia,Slavko Vincic,4,3,0.71,0.29
m_443,2024-2025,07-05-2025,bdec8a408440,4fc9baf21034,Parc des Princes,París,Francia,István Kovács,2,1,0.54,0.46
m_444,2024-2025,31-05-2025,bdec8a408440,8c5830f24228,Allianz Arena,Múnich,Alemania,István Kovács,5,0,0.59,0.41
