goal_id,match_id,minute,goal_type,player_id,assist_player_id,event_type,player_name,is_penalty,is_own_goal
g_m_0_0,m_0,17,regular,0cda03eeec83,29bb187c52af,goal,Soldado,False,False
g_m_1_1,m_1,52,regular,b22d2cc4648e,,goal,Mario Gavranovic,False,False
g_m_1_3,m_1,17,regular,17761e95c8af,,goal,Roberto Soldado,False,False
g_m_2_0,m_2,80,regular,5b921a497e6f,,goal,Peter Crouch,False,False
g_m_4_0,m_4,78,regular,3da0c91fb86e,,goal,Robin van Persie,False,False
g_m_4_1,m_4,83,regular,e11bf4e8e4ac,,goal,Andrey Arshavin,False,False
g_m_4_2,m_4,26,regular,19f9541f95a1,,goal,David Villa,False,False
g_m_5_0,m_5,45,regular,7f5dfc9f5bc6,,goal,Lionel Messi,False,False
g_m_5_1,m_5,69,regular,4be9505dcf6a,,goal,Xavi,False,False
g_m_5_2,m_5,71,regular,7f5dfc9f5bc6,,goal,Lionel Messi,False,False
g_m_5_3,m_5,53,own_goal,d0c9a7e4d445,,goal,Sergio Busquets,False,True
g_m_6_0,m_6,28,regular,5c7a2ed20378,,goal,Simone Perrotta,False,False
g_m_6_2,m_6,29,regular,b91e289e985a,,goal,Jadson,False,False
g_m_6_3,m_6,36,regular,2347f1d32f76,,goal,Douglas Costa,False,False
g_m_6_4,m_6,41,regular,68b19cf35916,,goal,Luiz Adriano,False,False
g_m_7_1,m_7,58,regular,6c4ee85ff749,bfabf4655160,goal,Willian,False,False
g_m_7_2,m_7,87,regular,6d6354ece408,bfabf4655160,goal,Eduardo,False,False
g_m_9_2,m_9,4,regular,63a99718d8fd,,goal,Samuel Eto'o,False,False
g_m_9_3,m_9,63,regular,dd801e8fac0a,,goal,Wesley Sneijder,False,False
g_m_9_4,m_9,88,regular,f9610f51580e,,goal,Goran Pandev,False,False
g_m_11_2,m_11,82,own_goal,38c73feed0a7,,goal,Wes Brown,False,True
g_m_12_0,m_12,17,regular,f982e12e44e3,,goal,Nicolas Anelka,False,False
g_m_12_1,m_12,54,regular,f982e12e44e3,,goal,Nicolas Anelka,False,False
g_m_14_0,m_14,47,regular,1e74b597586b,,goal,Bafetimbi Gomis,False,False
g_m_14_1,m_14,65,regular,1eb74ea51664,,goal,Karim Benzema,False,False
g_m_15_0,m_15,37,regular,995bf053c469,,goal,Marcelo,False,False
g_m_15_1,m_15,66,regular,1eb74ea51664,,goal,Karim Benzema,False,False
g_m_15_2,m_15,76,regular,085fb58ad74e,,goal,Ángel Di María,False,False
g_m_16_0,m_16,4,regular,394f68f84b5c,,goal,Emmanuel Adebayor,False,False
g_m_16_1,m_16,57,regular,394f68f84b5c,,goal,Emmanuel Adebayor,False,False
g_m_16_2,m_16,72,regular,085fb58ad74e,,goal,Ángel Di María,False,False
g_m_16_3,m_16,87,regular,99385a1844d3,,goal,Cristiano Ronaldo,False,False
g_m_17_0,m_17,50,regular,99385a1844d3,,goal,Cristiano Ronaldo,False,False
g_m_18_0,m_18,1,regular,a7ca73085bc8,54b271d5029b,goal,Dejan Stankovic,False,False
g_m_18_1,m_18,34,regular,ff19839aa35d,54b271d5029b,goal,Diego Milito,False,False
g_m_18_2,m_18,17,regular,c8a0d6979dd7,54b271d5029b,goal,Joël Matip,False,False
g_m_18_3,m_18,40,regular,379ef4bd50c3,54b271d5029b,goal,Edu,False,False
g_m_18_5,m_18,57,own_goal,fe637c65dae9,54b271d5029b,goal,Andrea Ranocchia,False,True
g_m_18_6,m_18,75,regular,379ef4bd50c3,54b271d5029b,goal,Edu,False,False
g_m_19_2,m_19,49,regular,e2d45c8bed78,,goal,Thiago Motta,False,False
g_m_20_0,m_20,2,regular,b3b59eb161d4,,goal,Andrés Iniesta,False,False
g_m_20_1,m_20,34,regular,3111ceb73215,,goal,Dani Alves,False,False
g_m_20_3,m_20,60,regular,0378c83c94a3,,goal,Seydou Keita,False,False
g_m_20_4,m_20,86,regular,4be9505dcf6a,,goal,Xavi,False,False
g_m_20_5,m_20,59,regular,3a385c3c1ef4,,goal,Yaroslav Rakitskiy,False,False
g_m_21_0,m_21,43,regular,7f5dfc9f5bc6,,goal,Lionel Messi,False,False
g_m_22_0,m_22,24,regular,0172b66a1e44,,goal,Wayne Rooney,False,False
g_m_23_1,m_23,77,regular,73691a5b5b06,,goal,Park Ji-Sung,False,False
g_m_23_2,m_23,77,regular,ad71d5dd98a6,,goal,Didier Drogba,False,False
g_m_24_0,m_24,76,regular,7f5dfc9f5bc6,,goal,Lionel Messi,False,False
g_m_24_1,m_24,87,regular,7f5dfc9f5bc6,,goal,Lionel Messi,False,False
g_m_25_0,m_25,54,regular,c6cc8094c2dc,,goal,Pedro,False,False
g_m_25_1,m_25,64,regular,995bf053c469,,goal,Marcelo,False,False
g_m_26_0,m_26,67,regular,7f494f8602de,,goal,Ryan Giggs,False,False
g_m_26_1,m_26,69,regular,0172b66a1e44,,goal,Wayne Rooney,False,False
g_m_27_0,m_27,26,regular,aed7185a0498,1289ab981002,goal,Antonio Valencia,False,False
g_m_27_1,m_27,31,regular,1289ab981002,bf533be80a46,goal,Darron Gibson,False,False
g_m_27_2,m_27,72,regular,89ba023086e3,1289ab981002,goal,Anderson,False,False
g_m_27_3,m_27,76,regular,89ba023086e3,1289ab981002,goal,Anderson,False,False
g_m_27_4,m_27,35,regular,89c03bf95243,1289ab981002,goal,José Manuel Jurado,False,False
g_m_28_0,m_28,27,regular,c6cc8094c2dc,,goal,Pedro,False,False
g_m_28_1,m_28,54,regular,7f5dfc9f5bc6,,goal,Lionel Messi,False,False
g_m_28_2,m_28,69,regular,19f9541f95a1,,goal,David Villa,False,False
g_m_28_3,m_28,34,regular,0172b66a1e44,,goal,Wayne Rooney,False,False
g_m_29_0,m_29,52,regular,37213f6f2c7b,,goal,Michal Kadlec,False,False
g_m_29_1,m_29,41,regular,7f5dfc9f5bc6,,goal,Lionel Messi,False,False
g_m_29_2,m_29,88,regular,7f5dfc9f5bc6,,goal,Lionel Messi,False,False
g_m_29_3,m_29,55,regular,7f04ffecca3e,,goal,Alexis Sánchez,False,False
g_m_30_0,m_30,25,regular,7f5dfc9f5bc6,,goal,Lionel Messi,False,False
g_m_30_1,m_30,42,regular,7f5dfc9f5bc6,,goal,Lionel Messi,False,False
g_m_30_2,m_30,49,regular,7f5dfc9f5bc6,,goal,Lionel Messi,False,False
g_m_30_3,m_30,58,regular,7f5dfc9f5bc6,,goal,Lionel Messi,False,False
g_m_30_4,m_30,85,regular,7f5dfc9f5bc6,,goal,Lionel Messi,False,False
g_m_30_5,m_30,55,regular,9208d3dd925f,,goal,Cristian Tello,False,False
g_m_30_6,m_30,62,regular,9208d3dd925f,,goal,Cristian Tello,False,False
g_m_30_7,m_30,90,regular,52deb03b10e7,,goal,Karim Bellarabi,False,False
g_m_31_0,m_31,15,regular,45598713d291,,goal,Kevin-Prince Boateng,False,False
g_m_31_1,m_31,38,regular,ae43fccca799,,goal,Robinho,False,False
g_m_31_2,m_31,49,regular,ae43fccca799,,goal,Robinho,False,False
g_m_31_3,m_31,79,regular,36561bba3422,,goal,Zlatan Ibrahimovic,False,False
g_m_32_0,m_32,7,regular,e22165193ca7,,goal,Laurent Koscielny,False,False
g_m_32_1,m_32,26,regular,2f1d3d3ba008,,goal,Tomas Rosicky,False,False
g_m_32_2,m_32,43,regular,3da0c91fb86e,,goal,Robin van Persie,False,False
g_m_33_0,m_33,58,regular,85b8fae4ed21,,goal,Alexandre Lacazette,False,False
g_m_34_0,m_34,9,regular,df773caa772e,,goal,Gustavo Manduca,False,False
g_m_35_0,m_35,27,regular,b4662d68b41e,,goal,Roman Shirokov,False,False
g_m_35_1,m_35,71,regular,b4662d68b41e,,goal,Roman Shirokov,False,False
g_m_35_2,m_35,88,regular,58b28157ffaf,,goal,Sergey Semak,False,False
g_m_35_3,m_35,20,regular,872b7ae92bf1,,goal,Maxi Pereira,False,False
g_m_35_4,m_35,87,regular,ec8d8c0691d9,,goal,Óscar Cardozo,False,False
g_m_36_0,m_36,45,regular,872b7ae92bf1,,goal,Maxi Pereira,False,False
g_m_36_1,m_36,90,regular,3335c958e31b,,goal,Nélson Oliveira,False,False
g_m_37_0,m_37,90,regular,537238ec8ef1,,goal,Pontus Wernbloom,False,False
g_m_37_1,m_37,28,regular,99385a1844d3,,goal,Cristiano Ronaldo,False,False
g_m_38_1,m_38,55,regular,99385a1844d3,,goal,Cristiano Ronaldo,False,False
g_m_38_2,m_38,90,regular,99385a1844d3,,goal,Cristiano Ronaldo,False,False
g_m_38_3,m_38,70,regular,1eb74ea51664,,goal,Karim Benzema,False,False
g_m_38_4,m_38,77,regular,b0ccf09306b8,,goal,Zoran Tosic,False,False
g_m_39_0,m_39,38,regular,cc198b133f5a,,goal,Ezequiel Lavezzi,False,False
g_m_39_1,m_39,65,regular,cc198b133f5a,,goal,Ezequiel Lavezzi,False,False
g_m_39_2,m_39,45,regular,ed3c2d0e29e8,,goal,Edinson Cavani,False,False
g_m_39_3,m_39,27,regular,35fcdd4c602d,,goal,Juan Mata,False,False
g_m_40_0,m_40,28,regular,ad71d5dd98a6,,goal,Didier Drogba,False,False
g_m_40_1,m_40,47,regular,20daeabf87db,,goal,John Terry,False,False
g_m_40_2,m_40,75,regular,1369bd607e21,,goal,Frank Lampard,False,False
g_m_40_3,m_40,105,regular,39d0707c0d0d,,goal,Branislav Ivanovic,False,False
g_m_40_4,m_40,55,regular,a7cd6a6ea9e4,,goal,Gökhan Inler,False,False
g_m_41_0,m_41,90,regular,1d616d994658,,goal,André Ayew,False,False
g_m_42_0,m_42,75,regular,ff19839aa35d,,goal,Diego Milito,False,False
g_m_42_1,m_42,90,regular,ff19839aa35d,,goal,Diego Milito,False,False
g_m_43_0,m_43,86,regular,02c40fe642a3,,goal,Valentin Stocker,False,False
g_m_44_5,m_44,11,regular,131fc813b535,,goal,Arjen Robben,False,False
g_m_45_0,m_45,74,regular,1eb74ea51664,,goal,Karim Benzema,False,False
g_m_45_2,m_45,90,regular,1eb74ea51664,,goal,Karim Benzema,False,False
g_m_46_0,m_46,26,regular,99385a1844d3,,goal,Cristiano Ronaldo,False,False
g_m_46_1,m_46,49,regular,99385a1844d3,,goal,Cristiano Ronaldo,False,False
g_m_46_4,m_46,83,regular,085fb58ad74e,,goal,Ángel Di María,False,False
g_m_46_5,m_46,67,regular,df773caa772e,,goal,Gustavo Manduca,False,False
g_m_46_6,m_46,75,regular,121fc2048093,,goal,Esteban Solari,False,False
g_m_47_0,m_47,75,regular,9e2fe731525b,,goal,Salomon Kalou,False,False
g_m_48_0,m_48,21,regular,1369bd607e21,,goal,Frank Lampard,False,False
g_m_48_1,m_48,90,regular,3f52a2a59764,,goal,Raul Meireles,False,False
g_m_48_2,m_48,85,regular,8255c2d3d292,,goal,Javi García,False,False
g_m_50_0,m_50,11,regular,7f5dfc9f5bc6,,goal,Lionel Messi,False,False
g_m_50_1,m_50,41,regular,7f5dfc9f5bc6,,goal,Lionel Messi,False,False
g_m_50_2,m_50,53,regular,b3b59eb161d4,,goal,Andrés Iniesta,False,False
g_m_50_3,m_50,32,regular,0159c2f064ab,,goal,Antonio Nocerino,False,False
g_m_51_1,m_51,69,regular,131fc813b535,9383612b5a98,goal,Arjen Robben,False,False
g_m_52_0,m_52,13,regular,3644463973c4,,goal,Ivica Olic,False,False
g_m_52_1,m_52,37,regular,3644463973c4,,goal,Ivica Olic,False,False
g_m_54_0,m_54,6,regular,99385a1844d3,,goal,Cristiano Ronaldo,False,False
g_m_54_1,m_54,14,regular,99385a1844d3,,goal,Cristiano Ronaldo,False,False
g_m_54_2,m_54,27,regular,131fc813b535,,goal,Arjen Robben,False,False
g_m_55_0,m_55,45,regular,ad71d5dd98a6,,goal,Didier Drogba,False,False
g_m_56_0,m_56,35,regular,d0c9a7e4d445,97cef01887f8,goal,Sergio Busquets,False,False
g_m_56_1,m_56,43,regular,b3b59eb161d4,97cef01887f8,goal,Andrés Iniesta,False,False
g_m_56_2,m_56,45,regular,46e8f942f822,,goal,Ramires,False,False
g_m_56_3,m_56,90,regular,ba993dcfe961,,goal,Fernando Torres,False,False
g_m_57_1,m_57,88,regular,ad71d5dd98a6,,goal,Didier Drogba,False,False
g_m_58_0,m_58,3,regular,5c7913a235f7,,goal,Alessandro Matri,False,False
g_m_58_1,m_58,77,regular,47ec3522c85e,,goal,Claudio Marchisio,False,False
g_m_58_2,m_58,83,regular,89e6fd0dccaa,,goal,Mirko Vucinic,False,False
g_m_59_0,m_59,24,regular,5c7913a235f7,,goal,Alessandro Matri,False,False
g_m_59_1,m_59,65,regular,67b854973798,,goal,Fabio Quagliarella,False,False
g_m_60_0,m_60,90,regular,1e62e1c740c3,,goal,Adil Rami,False,False
g_m_60_1,m_60,10,regular,cc198b133f5a,,goal,Ezequiel Lavezzi,False,False
g_m_60_2,m_60,43,regular,2d2994614648,,goal,Javier Pastore,False,False
g_m_61_0,m_61,66,regular,cc198b133f5a,,goal,Ezequiel Lavezzi,False,False
g_m_61_1,m_61,55,regular,9c5ddd541077,,goal,Jonas,False,False
g_m_62_0,m_62,30,regular,99385a1844d3,,goal,Cristiano Ronaldo,False,False
g_m_62_1,m_62,20,regular,1a4231ef5bc8,,goal,Danny Welbeck,False,False
g_m_63_0,m_63,48,own_goal,80df93e959ec,e73f75da4d02,goal,Sergio Ramos,False,True
g_m_63_1,m_63,66,regular,97f574f682d7,80df93e959ec,goal,Luka Modric,False,False
g_m_63_2,m_63,69,regular,99385a1844d3,80df93e959ec,goal,Cristiano Ronaldo,False,False
g_m_64_0,m_64,2,regular,687e02f15d01,,goal,Alex Teixeira,False,False
g_m_64_1,m_64,59,regular,e846dcb6707f,,goal,Darijo Srna,False,False
g_m_65_2,m_65,59,regular,3a385c3c1ef4,,goal,Yaroslav Rakitskiy,False,False
g_m_66_0,m_66,56,regular,6570d81c10d5,,goal,João Moutinho,False,False
g_m_67_0,m_67,43,regular,66943afc80ff,be7d24636082,goal,Isco,False,False
g_m_67_1,m_67,77,regular,80e2e3264e9f,be7d24636082,goal,Roque Santa Cruz,False,False
g_m_68_0,m_68,55,regular,5112dafc8083,,goal,Lukas Podolski,False,False
g_m_68_1,m_68,7,regular,0e128bd61110,,goal,Toni Kroos,False,False
g_m_68_3,m_68,77,regular,61fe50da2359,,goal,Mario Mandzukic,False,False
g_m_69_0,m_69,3,regular,26bda9a17102,4f0b60c82921,goal,Olivier Giroud,False,False
g_m_69_1,m_69,86,regular,e22165193ca7,,goal,Laurent Koscielny,False,False
g_m_70_0,m_70,57,regular,45598713d291,,goal,Kevin-Prince Boateng,False,False
g_m_70_1,m_70,81,regular,e7dbf778db0b,,goal,Sulley Muntari,False,False
g_m_71_0,m_71,5,regular,7f5dfc9f5bc6,,goal,Lionel Messi,False,False
g_m_71_1,m_71,40,regular,7f5dfc9f5bc6,,goal,Lionel Messi,False,False
g_m_71_2,m_71,55,regular,19f9541f95a1,,goal,David Villa,False,False
g_m_71_3,m_71,90,regular,e5138335a2ae,,goal,Jordi Alba,False,False
g_m_72_0,m_72,12,regular,f3b854f35740,,goal,Burak Yilmaz,False,False
g_m_72_1,m_72,45,regular,eb97f7a12b32,,goal,Jermaine Jones,False,False
g_m_73_1,m_73,63,regular,e9de3c65d458,,goal,Michel Bastos,False,False
g_m_73_2,m_73,37,regular,bed1f07bcbfe,,goal,Hamit Altintop,False,False
g_m_73_3,m_73,42,regular,f3b854f35740,,goal,Burak Yilmaz,False,False
g_m_73_4,m_73,90,regular,7eeba714bc62,,goal,Umut Bulut,False,False
g_m_74_0,m_74,79,regular,36561bba3422,,goal,Zlatan Ibrahimovic,False,False
g_m_74_1,m_74,90,regular,2c8cf149ec3c,,goal,Blaise Matuidi,False,False
g_m_74_2,m_74,38,regular,7f5dfc9f5bc6,,goal,Lionel Messi,False,False
g_m_74_3,m_74,89,regular,4be9505dcf6a,,goal,Xavi,False,False
g_m_75_0,m_75,71,regular,c6cc8094c2dc,,goal,Pedro,False,False
g_m_75_1,m_75,50,regular,2d2994614648,,goal,Javier Pastore,False,False
g_m_76_0,m_76,1,regular,664c4c7bb8b7,,goal,David Alaba,False,False
g_m_77_0,m_77,64,regular,61fe50da2359,,goal,Mario Mandzukic,False,False
g_m_77_1,m_77,90,regular,dd23560c6f83,,goal,Claudio Pizarro,False,False
g_m_79_0,m_79,90,regular,d1ebdce990ec,,goal,Marco Reus,False,False
g_m_79_1,m_79,90,regular,9a8724a9eb7f,,goal,Felipe Santana,False,False
g_m_79_3,m_79,82,regular,b1918e144a5d,,goal,Eliseu,False,False
g_m_80_0,m_80,9,regular,99385a1844d3,,goal,Cristiano Ronaldo,False,False
g_m_80_1,m_80,29,regular,1eb74ea51664,,goal,Karim Benzema,False,False
g_m_81_1,m_81,70,regular,dd801e8fac0a,,goal,Wesley Sneijder,False,False
g_m_81_2,m_81,72,regular,ad71d5dd98a6,,goal,Didier Drogba,False,False
g_m_81_3,m_81,7,regular,99385a1844d3,,goal,Cristiano Ronaldo,False,False
g_m_81_4,m_81,90,regular,99385a1844d3,,goal,Cristiano Ronaldo,False,False
g_m_82_2,m_82,73,regular,131fc813b535,,goal,Arjen Robben,False,False
g_m_83_0,m_83,49,regular,131fc813b535,,goal,Arjen Robben,False,False
g_m_84_0,m_84,8,regular,54d578a1e1c9,,goal,Robert Lewandowski,False,False
g_m_84_1,m_84,50,regular,54d578a1e1c9,,goal,Robert Lewandowski,False,False
g_m_84_2,m_84,55,regular,54d578a1e1c9,,goal,Robert Lewandowski,False,False
g_m_84_3,m_84,66,regular,54d578a1e1c9,,goal,Robert Lewandowski,False,False
g_m_84_4,m_84,43,regular,99385a1844d3,,goal,Cristiano Ronaldo,False,False
g_m_85_0,m_85,83,regular,1eb74ea51664,,goal,Karim Benzema,False,False
g_m_85_1,m_85,88,regular,80df93e959ec,,goal,Sergio Ramos,False,False
g_m_86_0,m_86,60,regular,61fe50da2359,,goal,Mario Mandzukic,False,False
g_m_86_2,m_86,89,regular,131fc813b535,,goal,Arjen Robben,False,False
g_m_87_0,m_87,54,regular,7f5dfc9f5bc6,,goal,Lionel Messi,False,False
g_m_87_1,m_87,90,regular,3111ceb73215,,goal,Dani Alves,False,False
g_m_88_0,m_88,67,regular,7f5dfc9f5bc6,,goal,Lionel Messi,False,False
g_m_88_1,m_88,90,regular,3111ceb73215,,goal,Dani Alves,False,False
g_m_88_2,m_88,89,regular,d3bb2493fadc,,goal,Vincent Kompany,False,False
g_m_89_0,m_89,54,regular,0e128bd61110,71997b9659b7,goal,Toni Kroos,False,False
g_m_90_0,m_90,57,regular,333ffbe67701,5ac00ab7b78a,goal,Bastian Schweinsteiger,False,False
g_m_91_0,m_91,83,regular,2347f1d32f76,,goal,Douglas Costa,False,False
g_m_92_0,m_92,3,regular,2347f1d32f76,a0d499c75105,goal,Douglas Costa,False,False
g_m_92_1,m_92,27,regular,2347f1d32f76,a0d499c75105,goal,Douglas Costa,False,False
g_m_92_2,m_92,40,regular,a7e22eb4a4aa,a0d499c75105,goal,Arda Turan,False,False
g_m_93_0,m_93,3,regular,2c8cf149ec3c,,goal,Blaise Matuidi,False,False
g_m_93_1,m_93,39,regular,36561bba3422,,goal,Zlatan Ibrahimovic,False,False
g_m_93_2,m_93,42,regular,36561bba3422,,goal,Zlatan Ibrahimovic,False,False
g_m_93_3,m_93,88,regular,87b4e20e11de,,goal,Yohan Cabaye,False,False
g_m_94_0,m_94,13,regular,320b3a59a649,,goal,Marquinhos,False,False
g_m_94_1,m_94,53,regular,cc198b133f5a,,goal,Ezequiel Lavezzi,False,False
g_m_94_2,m_94,6,regular,ffbda4a61934,,goal,Simon Rolfes,False,False
g_m_95_1,m_95,55,regular,4acc5baf7cd0,,goal,Joel Campbell,False,False
g_m_96_0,m_96,25,regular,3da0c91fb86e,,goal,Robin van Persie,False,False
g_m_96_1,m_96,45,regular,3da0c91fb86e,,goal,Robin van Persie,False,False
g_m_96_2,m_96,52,regular,3da0c91fb86e,,goal,Robin van Persie,False,False
g_m_97_0,m_97,58,regular,76254239879f,,goal,Hulk,False,False
g_m_97_2,m_97,4,regular,320d088d4b8e,,goal,Henrikh Mkhitaryan,False,False
g_m_97_3,m_97,5,regular,d1ebdce990ec,,goal,Marco Reus,False,False
g_m_97_4,m_97,61,regular,54d578a1e1c9,,goal,Robert Lewandowski,False,False
g_m_97_5,m_97,71,regular,54d578a1e1c9,,goal,Robert Lewandowski,False,False
g_m_98_0,m_98,38,regular,c4a8f72c237e,,goal,Sebastian Kehl,False,False
g_m_98_1,m_98,16,regular,76254239879f,,goal,Hulk,False,False
g_m_99_0,m_99,65,regular,9b457884c9b2,,goal,Aurélien Chedjou,False,False
g_m_99_1,m_99,9,regular,ba993dcfe961,,goal,Fernando Torres,False,False
g_m_100_0,m_100,4,regular,63a99718d8fd,,goal,Samuel Eto'o,False,False
g_m_100_1,m_100,42,regular,98cbd585636b,,goal,Gary Cahill,False,False
g_m_101_0,m_101,21,regular,99385a1844d3,40bf08226256,goal,Cristiano Ronaldo,False,False
g_m_101_1,m_101,89,regular,99385a1844d3,40bf08226256,goal,Cristiano Ronaldo,False,False
g_m_101_2,m_101,13,regular,1eb74ea51664,40bf08226256,goal,Karim Benzema,False,False
g_m_101_3,m_101,57,regular,1eb74ea51664,40bf08226256,goal,Karim Benzema,False,False
g_m_101_4,m_101,52,regular,b12e7ab3a30c,40bf08226256,goal,Gareth Bale,False,False
g_m_101_5,m_101,69,regular,b12e7ab3a30c,40bf08226256,goal,Gareth Bale,False,False
g_m_101_6,m_101,90,regular,45b531b8e749,,goal,Klaas-Jan Huntelaar,False,False
g_m_102_0,m_102,31,regular,99385a1844d3,,goal,Cristiano Ronaldo,False,False
g_m_102_1,m_102,75,regular,725443a6d981,,goal,Álvaro Morata,False,False
g_m_102_2,m_102,52,regular,b12e7ab3a30c,,goal,Gareth Bale,False,False
g_m_102_3,m_102,87,own_goal,c1de6182f9d9,,goal,Tim Hoogland,False,True
g_m_103_0,m_103,71,regular,70080aa08b4f,,goal,Neymar,False,False
g_m_103_1,m_103,56,regular,078c007bd92d,,goal,Diego,False,False
g_m_104_0,m_104,5,regular,15ee9f0a5ec3,,goal,Koke,False,False
g_m_105_0,m_105,58,regular,4e42d691c5b9,,goal,Nemanja Vidic,False,False
g_m_105_1,m_105,67,regular,333ffbe67701,,goal,Bastian Schweinsteiger,False,False
g_m_106_0,m_106,59,regular,61fe50da2359,,goal,Mario Mandzukic,False,False
g_m_106_2,m_106,76,regular,131fc813b535,,goal,Arjen Robben,False,False
g_m_106_3,m_106,57,regular,d8e6b86fa583,,goal,Patrice Evra,False,False
g_m_107_0,m_107,3,regular,b12e7ab3a30c,,goal,Gareth Bale,False,False
g_m_107_1,m_107,27,regular,66943afc80ff,,goal,Isco,False,False
g_m_107_2,m_107,57,regular,99385a1844d3,,goal,Cristiano Ronaldo,False,False
g_m_108_0,m_108,24,regular,d1ebdce990ec,,goal,Marco Reus,False,False
g_m_108_1,m_108,37,regular,d1ebdce990ec,,goal,Marco Reus,False,False
g_m_109_0,m_109,4,regular,cc198b133f5a,,goal,Ezequiel Lavezzi,False,False
g_m_109_1,m_109,61,own_goal,e2aa7d69af8d,,goal,David Luiz,False,True
g_m_109_2,m_109,90,regular,2d2994614648,,goal,Javier Pastore,False,False
g_m_109_3,m_109,27,regular,15ad57472cd4,,goal,Eden Hazard,False,False
g_m_110_1,m_110,87,regular,87b4e20e11de,,goal,Yohan Cabaye,False,False
g_m_112_0,m_112,36,regular,ba993dcfe961,,goal,Fernando Torres,False,False
g_m_112_2,m_112,60,regular,2347f1d32f76,,goal,Douglas Costa,False,False
g_m_112_3,m_112,72,regular,a7e22eb4a4aa,,goal,Arda Turan,False,False
g_m_113_0,m_113,19,regular,1eb74ea51664,,goal,Karim Benzema,False,False
g_m_114_0,m_114,16,regular,80df93e959ec,,goal,Sergio Ramos,False,False
g_m_114_1,m_114,20,regular,80df93e959ec,,goal,Sergio Ramos,False,False
g_m_114_2,m_114,34,regular,99385a1844d3,,goal,Cristiano Ronaldo,False,False
g_m_114_3,m_114,90,regular,99385a1844d3,,goal,Cristiano Ronaldo,False,False
g_m_115_0,m_115,93,regular,80df93e959ec,,goal,Sergio Ramos,False,False
g_m_115_1,m_115,110,regular,b12e7ab3a30c,97f574f682d7,goal,Gareth Bale,False,False
g_m_115_2,m_115,118,regular,995bf053c469,97f574f682d7,goal,Marcelo,False,False
g_m_115_3,m_115,120,regular,99385a1844d3,,goal,Cristiano Ronaldo,False,False
g_m_116_0,m_116,54,regular,ed3c2d0e29e8,,goal,Edinson Cavani,False,False
g_m_116_1,m_116,36,regular,39d0707c0d0d,,goal,Branislav Ivanovic,False,False
g_m_117_0,m_117,81,regular,98cbd585636b,2347f1d32f76,goal,Gary Cahill,False,False
g_m_117_1,m_117,96,regular,15ad57472cd4,,goal,Eden Hazard,False,False
g_m_117_2,m_117,86,regular,e2aa7d69af8d,2347f1d32f76,goal,David Luiz,False,False
g_m_117_3,m_117,114,regular,003a8d6c6676,2347f1d32f76,goal,Thiago Silva,False,False
g_m_122_0,m_122,90,regular,5734f64c96bf,,goal,Alex Oxlade-Chamberlain,False,False
g_m_122_1,m_122,38,regular,4bb25a27d30b,,goal,Geoffrey Kondogbia,False,False
g_m_122_2,m_122,53,regular,bf533be80a46,,goal,Dimitar Berbatov,False,False
g_m_122_3,m_122,90,regular,632d219e6bd3,,goal,Yannick Carrasco,False,False
g_m_123_0,m_123,36,regular,26bda9a17102,,goal,Olivier Giroud,False,False
g_m_123_1,m_123,79,regular,3d958379a16b,,goal,Aaron Ramsey,False,False
g_m_125_2,m_125,34,regular,ece0044f57b5,,goal,Jérôme Boateng,False,False
g_m_125_4,m_125,63,regular,24c4323c103f,,goal,Holger Badstuber,False,False
g_m_125_5,m_125,75,regular,54d578a1e1c9,,goal,Robert Lewandowski,False,False
g_m_126_0,m_126,26,regular,99385a1844d3,,goal,Cristiano Ronaldo,False,False
g_m_126_1,m_126,79,regular,995bf053c469,,goal,Marcelo,False,False
g_m_127_0,m_127,25,regular,99385a1844d3,,goal,Cristiano Ronaldo,False,False
g_m_127_1,m_127,45,regular,99385a1844d3,,goal,Cristiano Ronaldo,False,False
g_m_127_2,m_127,52,regular,1eb74ea51664,,goal,Karim Benzema,False,False
g_m_127_3,m_127,20,regular,40bf08226256,,goal,Christian Fuchs,False,False
g_m_127_4,m_127,40,regular,45b531b8e749,,goal,Klaas-Jan Huntelaar,False,False
g_m_127_6,m_127,84,regular,45b531b8e749,,goal,Klaas-Jan Huntelaar,False,False
g_m_128_1,m_128,79,regular,62bf43e2db26,,goal,Danilo,False,False
g_m_129_0,m_129,14,regular,67f5ce84ced9,,goal,Yacine Brahimi,False,False
g_m_129_1,m_129,47,regular,672bcb7d1365,,goal,Héctor Herrera,False,False
g_m_129_2,m_129,56,regular,dd5735717a3e,,goal,Casemiro,False,False
g_m_129_3,m_129,76,regular,8d470fc4b098,,goal,Vincent Aboubakar,False,False
g_m_130_0,m_130,13,regular,0834c1174935,,goal,Carlos Tevez,False,False
g_m_130_1,m_130,43,regular,725443a6d981,,goal,Álvaro Morata,False,False
g_m_130_2,m_130,18,regular,d1ebdce990ec,,goal,Marco Reus,False,False
g_m_131_0,m_131,3,regular,0834c1174935,,goal,Carlos Tevez,False,False
g_m_131_1,m_131,70,regular,725443a6d981,,goal,Álvaro Morata,False,False
g_m_131_2,m_131,79,regular,0834c1174935,,goal,Carlos Tevez,False,False
g_m_134_0,m_134,18,regular,70080aa08b4f,,goal,Neymar,False,False
g_m_134_1,m_134,34,regular,70080aa08b4f,,goal,Neymar,False,False
g_m_134_3,m_134,82,regular,0712db702a03,,goal,Gregory van der Wiel,False,False
g_m_135_0,m_135,14,regular,70080aa08b4f,,goal,Neymar,False,False
g_m_135_1,m_135,34,regular,70080aa08b4f,,goal,Neymar,False,False
g_m_136_0,m_136,3,regular,c5a4076f9c10,,goal,Ricardo Quaresma,False,False
g_m_136_1,m_136,10,regular,c5a4076f9c10,,goal,Ricardo Quaresma,False,False
g_m_136_3,m_136,28,regular,cd4c8562a9e7,,goal,Thiago Alcantara,False,False
g_m_137_0,m_137,14,regular,cd4c8562a9e7,24c4323c103f,goal,Thiago Alcantara,False,False
g_m_137_1,m_137,22,regular,ece0044f57b5,24c4323c103f,goal,Jérôme Boateng,False,False
g_m_137_2,m_137,27,regular,54d578a1e1c9,24c4323c103f,goal,Robert Lewandowski,False,False
g_m_137_4,m_137,40,regular,af1aec327ae9,24c4323c103f,goal,Xabi Alonso,False,False
g_m_137_5,m_137,64,regular,54d578a1e1c9,,goal,Robert Lewandowski,False,False
g_m_138_0,m_138,57,regular,1ca73fbf4ae6,,goal,Arturo Vidal,False,False
g_m_140_0,m_140,8,regular,725443a6d981,,goal,Álvaro Morata,False,False
g_m_140_1,m_140,58,regular,0834c1174935,,goal,Carlos Tevez,False,False
g_m_140_2,m_140,27,regular,99385a1844d3,,goal,Cristiano Ronaldo,False,False
g_m_141_0,m_141,23,regular,99385a1844d3,,goal,Cristiano Ronaldo,False,False
g_m_141_1,m_141,57,regular,725443a6d981,,goal,Álvaro Morata,False,False
g_m_142_0,m_142,77,regular,7f5dfc9f5bc6,,goal,Lionel Messi,False,False
g_m_142_1,m_142,80,regular,7f5dfc9f5bc6,,goal,Lionel Messi,False,False
g_m_142_2,m_142,90,regular,70080aa08b4f,,goal,Neymar,False,False
g_m_143_0,m_143,7,regular,465595e0f218,,goal,Medhi Benatia,False,False
g_m_143_1,m_143,59,regular,54d578a1e1c9,,goal,Robert Lewandowski,False,False
g_m_143_3,m_143,15,regular,70080aa08b4f,,goal,Neymar,False,False
g_m_143_4,m_143,29,regular,70080aa08b4f,,goal,Neymar,False,False
g_m_144_2,m_144,90,regular,70080aa08b4f,,goal,Neymar,False,False
g_m_144_3,m_144,55,regular,725443a6d981,,goal,Álvaro Morata,False,False
g_m_145_0,m_145,39,regular,36561bba3422,,goal,Zlatan Ibrahimovic,False,False
g_m_145_1,m_145,78,regular,ed3c2d0e29e8,,goal,Edinson Cavani,False,False
g_m_145_2,m_145,45,regular,f392a25e5487,,goal,John Obi Mikel,False,False
g_m_146_0,m_146,27,regular,2347f1d32f76,,goal,Douglas Costa,False,False
g_m_146_1,m_146,16,regular,e6654b5602da,,goal,Adrien Rabiot,False,False
g_m_146_2,m_146,67,regular,36561bba3422,,goal,Zlatan Ibrahimovic,False,False
g_m_147_0,m_147,57,regular,99385a1844d3,,goal,Cristiano Ronaldo,False,False
g_m_148_0,m_148,64,regular,99385a1844d3,,goal,Cristiano Ronaldo,False,False
g_m_148_1,m_148,68,regular,1dd477cae1e3,,goal,James Rodríguez,False,False
g_m_149_0,m_149,71,regular,7f5dfc9f5bc6,,goal,Lionel Messi,False,False
g_m_149_1,m_149,83,regular,7f5dfc9f5bc6,,goal,Lionel Messi,False,False
g_m_150_0,m_150,18,regular,70080aa08b4f,,goal,Neymar,False,False
g_m_150_2,m_150,88,regular,7f5dfc9f5bc6,,goal,Lionel Messi,False,False
g_m_150_3,m_150,51,regular,a814d1a580ae,,goal,Mohamed Elneny,False,False
g_m_151_0,m_151,63,regular,f304ee3ac0e9,,goal,Paulo Dybala,False,False
g_m_151_1,m_151,76,regular,df0058305319,,goal,Stefano Sturaro,False,False
g_m_151_3,m_151,55,regular,131fc813b535,,goal,Arjen Robben,False,False
g_m_152_0,m_152,73,regular,54d578a1e1c9,1ca73fbf4ae6,goal,Robert Lewandowski,False,False
g_m_152_2,m_152,108,regular,cd4c8562a9e7,1ca73fbf4ae6,goal,Thiago Alcantara,False,False
g_m_152_3,m_152,110,regular,5a16ca50572d,1ca73fbf4ae6,goal,Kingsley Coman,False,False
g_m_152_4,m_152,5,regular,851b3bb711a7,1ca73fbf4ae6,goal,Paul Pogba,False,False
g_m_152_5,m_152,28,regular,40b4970a1f47,1ca73fbf4ae6,goal,Juan Cuadrado,False,False
g_m_155_2,m_155,40,regular,52ebf69cc373,,goal,David Silva,False,False
g_m_157_0,m_157,90,regular,9c5ddd541077,,goal,Jonas,False,False
g_m_158_0,m_158,69,regular,76254239879f,,goal,Hulk,False,False
g_m_158_1,m_158,85,regular,a700a42a56be,,goal,Nico Gaitan,False,False
g_m_158_2,m_158,90,regular,9d7aec8807b9,,goal,Talisca,False,False
g_m_159_0,m_159,80,regular,63689cd003eb,,goal,Sven Kums,False,False
g_m_159_1,m_159,89,regular,283bb4e47f4d,,goal,Kalifa Coulibaly,False,False
g_m_159_2,m_159,44,regular,91c8a833a3ab,,goal,Julian Draxler,False,False
g_m_159_3,m_159,54,regular,91c8a833a3ab,,goal,Julian Draxler,False,False
g_m_159_4,m_159,60,regular,ab3969be3999,,goal,Max Kruse,False,False
g_m_161_2,m_161,25,regular,ba993dcfe961,,goal,Fernando Torres,False,False
g_m_162_0,m_162,36,regular,ff7fb67bec42,d4f33eb8e5dd,goal,Antoine Griezmann,False,False
g_m_162_1,m_162,88,regular,ff7fb67bec42,,goal,Antoine Griezmann,False,False
g_m_163_0,m_163,2,regular,1ca73fbf4ae6,,goal,Arturo Vidal,False,False
g_m_164_1,m_164,76,regular,9d7aec8807b9,,goal,Talisca,False,False
g_m_164_2,m_164,38,regular,1ca73fbf4ae6,,goal,Arturo Vidal,False,False
g_m_165_1,m_165,25,regular,4f67d6e39d2b,,goal,Maximilian Arnold,False,False
g_m_166_0,m_166,16,regular,99385a1844d3,,goal,Cristiano Ronaldo,False,False
g_m_166_1,m_166,17,regular,99385a1844d3,,goal,Cristiano Ronaldo,False,False
g_m_166_2,m_166,77,regular,99385a1844d3,,goal,Cristiano Ronaldo,False,False
g_m_167_0,m_167,41,regular,36561bba3422,,goal,Zlatan Ibrahimovic,False,False
g_m_167_1,m_167,59,regular,e6654b5602da,,goal,Adrien Rabiot,False,False
g_m_167_2,m_167,38,regular,500e00eb7113,,goal,Kevin De Bruyne,False,False
g_m_167_3,m_167,72,regular,3fca88662462,,goal,Fernandinho,False,False
g_m_168_0,m_168,76,regular,500e00eb7113,,goal,Kevin De Bruyne,False,False
g_m_170_0,m_170,20,own_goal,b12e7ab3a30c,,goal,Gareth Bale,False,True
g_m_172_0,m_172,31,regular,664c4c7bb8b7,,goal,David Alaba,False,False
g_m_172_1,m_172,74,regular,54d578a1e1c9,,goal,Robert Lewandowski,False,False
g_m_172_2,m_172,54,regular,ff7fb67bec42,,goal,Antoine Griezmann,False,False
g_m_173_0,m_173,15,regular,80df93e959ec,,goal,Sergio Ramos,False,False
g_m_173_1,m_173,79,regular,632d219e6bd3,,goal,Yannick Carrasco,False,False
g_m_174_0,m_174,18,regular,085fb58ad74e,,goal,Ángel Di María,False,False
g_m_174_1,m_174,55,regular,085fb58ad74e,,goal,Ángel Di María,False,False
g_m_174_2,m_174,40,regular,91c8a833a3ab,,goal,Julian Draxler,False,False
g_m_174_3,m_174,72,regular,ed3c2d0e29e8,,goal,Edinson Cavani,False,False
g_m_175_1,m_175,40,own_goal,f1bafe94ccf5,,goal,Layvin Kurzawa,False,True
g_m_175_2,m_175,50,regular,7f5dfc9f5bc6,,goal,Lionel Messi,False,False
g_m_175_3,m_175,88,regular,70080aa08b4f,,goal,Neymar,False,False
g_m_175_4,m_175,90,regular,70080aa08b4f,,goal,Neymar,False,False
g_m_175_5,m_175,95,regular,d667abca503a,,goal,Sergi Roberto,False,False
g_m_175_6,m_175,62,regular,ed3c2d0e29e8,,goal,Edinson Cavani,False,False
g_m_176_0,m_176,48,regular,689d34bc26a6,,goal,Kostas Mitroglou,False,False
g_m_177_0,m_177,4,regular,cfc8f2b21789,,goal,Pierre-Emerick Aubameyang,False,False
g_m_177_1,m_177,61,regular,cfc8f2b21789,,goal,Pierre-Emerick Aubameyang,False,False
g_m_177_2,m_177,85,regular,cfc8f2b21789,,goal,Pierre-Emerick Aubameyang,False,False
g_m_177_3,m_177,59,regular,54590b53b7cc,,goal,Christian Pulisic,False,False
g_m_178_0,m_178,11,regular,131fc813b535,,goal,Arjen Robben,False,False
g_m_178_1,m_178,53,regular,54d578a1e1c9,,goal,Robert Lewandowski,False,False
g_m_178_2,m_178,56,regular,cd4c8562a9e7,,goal,Thiago Alcantara,False,False
g_m_178_3,m_178,63,regular,cd4c8562a9e7,,goal,Thiago Alcantara,False,False
g_m_179_1,m_179,55,regular,54d578a1e1c9,,goal,Robert Lewandowski,False,False
g_m_179_2,m_179,68,regular,131fc813b535,,goal,Arjen Robben,False,False
g_m_179_3,m_179,78,regular,2347f1d32f76,,goal,Douglas Costa,False,False
g_m_179_4,m_179,80,regular,1ca73fbf4ae6,,goal,Arturo Vidal,False,False
g_m_179_5,m_179,85,regular,1ca73fbf4ae6,,goal,Arturo Vidal,False,False
g_m_180_0,m_180,18,regular,1eb74ea51664,,goal,Karim Benzema,False,False
g_m_180_1,m_180,49,regular,0e128bd61110,,goal,Toni Kroos,False,False
g_m_180_2,m_180,54,regular,dd5735717a3e,,goal,Casemiro,False,False
g_m_180_3,m_180,8,regular,9ab102cd1555,,goal,Lorenzo Insigne,False,False
g_m_181_0,m_181,24,regular,78d7f4178dde,,goal,Dries Mertens,False,False
g_m_181_1,m_181,51,regular,80df93e959ec,,goal,Sergio Ramos,False,False
g_m_181_2,m_181,57,regular,80df93e959ec,,goal,Sergio Ramos,False,False
g_m_181_3,m_181,91,regular,725443a6d981,,goal,Álvaro Morata,False,False
g_m_182_0,m_182,26,regular,e386a4dbe290,,goal,Raheem Sterling,False,False
g_m_182_3,m_182,77,regular,28c8d2620cde,,goal,John Stones,False,False
g_m_182_5,m_182,32,regular,001c7543b5a1,,goal,Radamel Falcao,False,False
g_m_182_6,m_182,61,regular,001c7543b5a1,,goal,Radamel Falcao,False,False
g_m_183_1,m_183,29,regular,84ce1fddf4aa,,goal,Fabinho,False,False
g_m_183_2,m_183,77,regular,d8be3b448c3d,,goal,Tiemoué Bakayoko,False,False
g_m_184_1,m_184,68,own_goal,05df43a75a60,,goal,Stefan Savic,False,True
g_m_184_3,m_184,25,regular,ff7fb67bec42,,goal,Antoine Griezmann,False,False
g_m_184_4,m_184,59,regular,5cc811b081c5,,goal,Kevin Gameiro,False,False
g_m_184_5,m_184,86,regular,ba993dcfe961,,goal,Fernando Torres,False,False
g_m_186_0,m_186,72,regular,781f8ad8f4f6,,goal,Marko Pjaca,False,False
g_m_186_1,m_186,74,regular,3111ceb73215,,goal,Dani Alves,False,False
g_m_187_0,m_187,42,regular,f304ee3ac0e9,,goal,Paulo Dybala,False,False
g_m_188_0,m_188,25,regular,ffc9b96b98d8,,goal,Pablo Sarabia,False,False
g_m_188_1,m_188,62,regular,f3ab27080997,,goal,Joaquín Correa,False,False
g_m_188_2,m_188,73,regular,2dc4dde61a4a,,goal,Jamie Vardy,False,False
g_m_189_0,m_189,27,regular,cb2b8c9dff8a,,goal,Wes Morgan,False,False
g_m_189_1,m_189,54,regular,0d04413b376f,,goal,Marc Albrighton,False,False
g_m_190_0,m_190,7,regular,f304ee3ac0e9,7b86370bd64e,goal,Paulo Dybala,False,False
g_m_190_1,m_190,22,regular,f304ee3ac0e9,7b86370bd64e,goal,Paulo Dybala,False,False
g_m_190_2,m_190,55,regular,998c03d253d1,7b86370bd64e,goal,Giorgio Chiellini,False,False
g_m_193_1,m_193,17,regular,001c7543b5a1,,goal,Radamel Falcao,False,False
g_m_193_2,m_193,81,regular,4a245b9db8c7,,goal,Valère Germain,False,False
g_m_193_3,m_193,48,regular,d1ebdce990ec,,goal,Marco Reus,False,False
g_m_194_0,m_194,28,regular,ff7fb67bec42,,goal,Antoine Griezmann,False,False
g_m_195_0,m_195,61,regular,2dc4dde61a4a,,goal,Jamie Vardy,False,False
g_m_196_0,m_196,25,regular,1ca73fbf4ae6,,goal,Arturo Vidal,False,False
g_m_196_1,m_196,47,regular,99385a1844d3,,goal,Cristiano Ronaldo,False,False
g_m_196_2,m_196,77,regular,99385a1844d3,,goal,Cristiano Ronaldo,False,False
g_m_197_0,m_197,76,regular,99385a1844d3,,goal,Cristiano Ronaldo,False,False
g_m_197_1,m_197,105,regular,99385a1844d3,,goal,Cristiano Ronaldo,False,False
g_m_197_2,m_197,109,regular,99385a1844d3,,goal,Cristiano Ronaldo,False,False
g_m_197_3,m_197,112,regular,66b688fe85e6,,goal,Marco Asensio,False,False
g_m_197_4,m_197,53,regular,54d578a1e1c9,,goal,Robert Lewandowski,False,False
g_m_197_5,m_197,78,own_goal,80df93e959ec,,goal,Sergio Ramos,False,True
g_m_198_0,m_198,10,regular,99385a1844d3,,goal,Cristiano Ronaldo,False,False
g_m_198_1,m_198,73,regular,99385a1844d3,,goal,Cristiano Ronaldo,False,False
g_m_198_2,m_198,86,regular,99385a1844d3,,goal,Cristiano Ronaldo,False,False
g_m_199_1,m_199,16,regular,ff7fb67bec42,,goal,Antoine Griezmann,False,False
g_m_199_2,m_199,42,regular,66943afc80ff,,goal,Isco,False,False
g_m_201_0,m_201,33,regular,61fe50da2359,,goal,Mario Mandzukic,False,False
g_m_201_1,m_201,44,regular,3111ceb73215,,goal,Dani Alves,False,False
g_m_202_0,m_202,20,regular,99385a1844d3,,goal,Cristiano Ronaldo,False,False
g_m_202_1,m_202,64,regular,99385a1844d3,,goal,Cristiano Ronaldo,False,False
g_m_202_2,m_202,61,regular,dd5735717a3e,,goal,Casemiro,False,False
g_m_202_3,m_202,90,regular,66b688fe85e6,,goal,Marco Asensio,False,False
g_m_202_4,m_202,27,regular,61fe50da2359,,goal,Mario Mandzukic,False,False
g_m_203_2,m_203,35,regular,78a8cd75d3f0,,goal,Harry Kane,False,False
g_m_203_3,m_203,71,regular,35f5be2c1bb5,,goal,Christian Eriksen,False,False
g_m_204_0,m_204,39,regular,5d120840ff7e,,goal,Davinson Sánchez,False,False
g_m_204_2,m_204,67,regular,f304ee3ac0e9,,goal,Paulo Dybala,False,False
g_m_205_2,m_205,18,regular,fcba3d4e0d12,,goal,Bernardo Silva,False,False
g_m_206_0,m_206,8,regular,b05df2fca20e,,goal,Gabriel Jesus,False,False
g_m_206_1,m_206,17,regular,b2528023df03,,goal,Mohamed Elyounoussi,False,False
g_m_206_2,m_206,71,regular,290ad6925264,,goal,Michael Lang,False,False
g_m_207_3,m_207,29,regular,ef2abab7e1f3,,goal,Mohamed Salah,False,False
g_m_207_4,m_207,69,regular,ac1bf9273203,,goal,Roberto Firmino,False,False
g_m_209_0,m_209,45,regular,99385a1844d3,,goal,Cristiano Ronaldo,False,False
g_m_209_1,m_209,83,regular,99385a1844d3,,goal,Cristiano Ronaldo,False,False
g_m_209_2,m_209,86,regular,995bf053c469,,goal,Marcelo,False,False
g_m_209_3,m_209,33,regular,e6654b5602da,,goal,Adrien Rabiot,False,False
g_m_210_0,m_210,71,regular,ed3c2d0e29e8,,goal,Edinson Cavani,False,False
g_m_210_1,m_210,51,regular,99385a1844d3,,goal,Cristiano Ronaldo,False,False
g_m_210_2,m_210,80,regular,dd5735717a3e,,goal,Casemiro,False,False
g_m_211_0,m_211,62,regular,6c4ee85ff749,,goal,Willian,False,False
g_m_211_1,m_211,75,regular,7f5dfc9f5bc6,,goal,Lionel Messi,False,False
g_m_212_0,m_212,3,regular,7f5dfc9f5bc6,,goal,Lionel Messi,False,False
g_m_212_1,m_212,63,regular,7f5dfc9f5bc6,,goal,Lionel Messi,False,False
g_m_213_2,m_213,53,regular,5a16ca50572d,,goal,Kingsley Coman,False,False
g_m_213_3,m_213,79,regular,54d578a1e1c9,,goal,Robert Lewandowski,False,False
g_m_213_4,m_213,88,regular,54d578a1e1c9,,goal,Robert Lewandowski,False,False
g_m_214_0,m_214,59,regular,56d0e14bc405,,goal,Vágner Love,False,False
g_m_214_1,m_214,18,regular,cd4c8562a9e7,,goal,Thiago Alcantara,False,False
g_m_214_3,m_214,84,regular,8df4340e6556,,goal,Sandro Wagner,False,False
g_m_215_0,m_215,52,regular,763100d80586,,goal,Facundo Ferreyra,False,False
g_m_215_1,m_215,71,regular,570a90bfbf8c,,goal,Fred,False,False
g_m_216_0,m_216,52,regular,e5a041bbf815,,goal,Edin Dzeko,False,False
g_m_218_0,m_218,74,regular,3c7a5bb27dfc,,goal,Wissam Ben Yedder,False,False
g_m_218_1,m_218,78,regular,3c7a5bb27dfc,,goal,Wissam Ben Yedder,False,False
g_m_218_2,m_218,84,regular,480deac45c7c,,goal,Romelu Lukaku,False,False
g_m_219_0,m_219,3,regular,99385a1844d3,,goal,Cristiano Ronaldo,False,False
g_m_219_1,m_219,64,regular,99385a1844d3,,goal,Cristiano Ronaldo,False,False
g_m_219_2,m_219,72,regular,995bf053c469,,goal,Marcelo,False,False
g_m_220_0,m_220,90,regular,99385a1844d3,,goal,Cristiano Ronaldo,False,False
g_m_220_1,m_220,2,regular,61fe50da2359,,goal,Mario Mandzukic,False,False
g_m_220_2,m_220,37,regular,61fe50da2359,,goal,Mario Mandzukic,False,False
g_m_220_3,m_220,61,regular,2c8cf149ec3c,,goal,Blaise Matuidi,False,False
g_m_221_0,m_221,32,regular,ffc9b96b98d8,,goal,Pablo Sarabia,False,False
g_m_221_1,m_221,37,own_goal,e116e948dc24,,goal,Jesús Navas,False,True
g_m_221_2,m_221,68,regular,cd4c8562a9e7,,goal,Thiago Alcantara,False,False
g_m_223_0,m_223,38,own_goal,1d57f57deddc,,goal,Daniele De Rossi,False,True
g_m_223_1,m_223,55,own_goal,dcfbf2380ae4,,goal,Kostas Manolas,False,True
g_m_223_4,m_223,80,regular,e5a041bbf815,,goal,Edin Dzeko,False,False
g_m_224_0,m_224,6,regular,e5a041bbf815,,goal,Edin Dzeko,False,False
g_m_224_1,m_224,58,regular,1d57f57deddc,,goal,Daniele De Rossi,False,False
g_m_224_2,m_224,82,regular,dcfbf2380ae4,,goal,Kostas Manolas,False,False
g_m_225_0,m_225,12,regular,ef2abab7e1f3,,goal,Mohamed Salah,False,False
g_m_225_1,m_225,21,regular,5734f64c96bf,,goal,Alex Oxlade-Chamberlain,False,False
g_m_226_0,m_226,2,regular,b05df2fca20e,,goal,Gabriel Jesus,False,False
g_m_226_1,m_226,56,regular,ef2abab7e1f3,,goal,Mohamed Salah,False,False
g_m_226_2,m_226,77,regular,ac1bf9273203,,goal,Roberto Firmino,False,False
g_m_227_0,m_227,36,regular,ef2abab7e1f3,,goal,Mohamed Salah,False,False
g_m_227_1,m_227,45,regular,ef2abab7e1f3,,goal,Mohamed Salah,False,False
g_m_227_3,m_227,61,regular,ac1bf9273203,,goal,Roberto Firmino,False,False
g_m_227_4,m_227,69,regular,ac1bf9273203,,goal,Roberto Firmino,False,False
g_m_227_5,m_227,81,regular,e5a041bbf815,,goal,Edin Dzeko,False,False
g_m_227_6,m_227,85,regular,9257859460b5,,goal,Diego Perotti,False,False
g_m_228_0,m_228,15,own_goal,49898ab0f849,0717069d1e8f,goal,James Milner,False,True
g_m_228_1,m_228,52,regular,e5a041bbf815,0717069d1e8f,goal,Edin Dzeko,False,False
g_m_228_2,m_228,86,regular,d23df2a9ebe3,0717069d1e8f,goal,Radja Nainggolan,False,False
g_m_228_3,m_228,90,regular,d23df2a9ebe3,,goal,Radja Nainggolan,False,False
g_m_228_5,m_228,25,regular,b243764d6711,0717069d1e8f,goal,Georginio Wijnaldum,False,False
g_m_229_0,m_229,28,regular,b514f2699209,,goal,Joshua Kimmich,False,False
g_m_229_1,m_229,44,regular,995bf053c469,,goal,Marcelo,False,False
g_m_229_2,m_229,57,regular,66b688fe85e6,,goal,Marco Asensio,False,False
g_m_230_0,m_230,11,regular,1eb74ea51664,,goal,Karim Benzema,False,False
g_m_230_1,m_230,46,regular,1eb74ea51664,,goal,Karim Benzema,False,False
g_m_230_2,m_230,3,regular,b514f2699209,,goal,Joshua Kimmich,False,False
g_m_230_3,m_230,63,regular,1dd477cae1e3,,goal,James Rodríguez,False,False
g_m_231_0,m_231,51,regular,1eb74ea51664,,goal,Karim Benzema,False,False
g_m_231_1,m_231,64,regular,b12e7ab3a30c,,goal,Gareth Bale,False,False
g_m_231_2,m_231,83,regular,b12e7ab3a30c,,goal,Gareth Bale,False,False
g_m_233_0,m_233,12,regular,503e076af6ab,,goal,Juan Bernat,False,False
g_m_233_1,m_233,2,regular,480deac45c7c,,goal,Romelu Lukaku,False,False
g_m_233_2,m_233,30,regular,480deac45c7c,,goal,Romelu Lukaku,False,False
g_m_233_3,m_233,94,regular,7ca3ab92cb3f,,goal,Marcus Rashford,False,False
g_m_234_0,m_234,70,regular,9f633bdba011,e5a041bbf815,goal,Nicolò Zaniolo,False,False
g_m_234_1,m_234,76,regular,9f633bdba011,e5a041bbf815,goal,Nicolò Zaniolo,False,False
g_m_235_0,m_235,26,regular,741364ca036a,,goal,Tiquinho Soares,False,False
g_m_235_1,m_235,52,regular,63f42ea94fbe,,goal,Moussa Marega,False,False
g_m_235_2,m_235,117,regular,410a401ccf84,,goal,Alex Telles,False,False
g_m_235_3,m_235,37,regular,1d57f57deddc,,goal,Daniele De Rossi,False,False
g_m_236_0,m_236,75,regular,cc091079071f,,goal,Hakim Ziyech,False,False
g_m_236_1,m_236,60,regular,1eb74ea51664,,goal,Karim Benzema,False,False
g_m_236_2,m_236,87,regular,66b688fe85e6,,goal,Marco Asensio,False,False
g_m_237_0,m_237,70,regular,66b688fe85e6,,goal,Marco Asensio,False,False
g_m_237_1,m_237,7,regular,cc091079071f,,goal,Hakim Ziyech,False,False
g_m_237_2,m_237,18,regular,03ad8d3c0184,,goal,David Neres,False,False
g_m_237_3,m_237,62,regular,341a62640dd1,,goal,Dusan Tadic,False,False
g_m_238_0,m_238,47,regular,5d120840ff7e,,goal,Davinson Sánchez,False,False
g_m_238_1,m_238,83,regular,0370985a01a0,,goal,Jan Vertonghen,False,False
g_m_238_2,m_238,86,regular,ae1009d3e761,,goal,Fernando Llorente,False,False
g_m_239_0,m_239,49,regular,78a8cd75d3f0,,goal,Harry Kane,False,False
g_m_240_0,m_240,6,regular,2c642a5a7dd4,,goal,Ivan Rakitić,False,False
g_m_241_0,m_241,17,regular,7f5dfc9f5bc6,,goal,Lionel Messi,False,False
g_m_241_1,m_241,78,regular,7f5dfc9f5bc6,d0c9a7e4d445,goal,Lionel Messi,False,False
g_m_241_2,m_241,31,regular,0b24f07f6354,d0c9a7e4d445,goal,Philippe Coutinho,False,False
g_m_241_5,m_241,58,regular,68c6561b9dc0,d0c9a7e4d445,goal,Lucas Tousart,False,False
g_m_243_2,m_243,69,regular,d29214a51013,,goal,Virgil van Dijk,False,False
g_m_243_3,m_243,39,own_goal,c8a0d6979dd7,,goal,Joël Matip,False,True
g_m_245_0,m_245,27,regular,99385a1844d3,d69539cdec29,goal,Cristiano Ronaldo,False,False
g_m_245_1,m_245,48,regular,99385a1844d3,,goal,Cristiano Ronaldo,False,False
g_m_245_2,m_245,86,regular,99385a1844d3,,goal,Cristiano Ronaldo,False,False
g_m_246_0,m_246,38,regular,5c7e0376a1dc,,goal,Nabil Bentaleb,False,False
g_m_246_1,m_246,45,regular,5c7e0376a1dc,,goal,Nabil Bentaleb,False,False
g_m_246_4,m_246,90,regular,e386a4dbe290,,goal,Raheem Sterling,False,False
g_m_247_3,m_247,56,regular,e386a4dbe290,,goal,Raheem Sterling,False,False
g_m_247_4,m_247,71,regular,52ebf69cc373,,goal,David Silva,False,False
g_m_247_5,m_247,78,regular,86f22d502007,,goal,Phil Foden,False,False
g_m_247_6,m_247,84,regular,b05df2fca20e,,goal,Gabriel Jesus,False,False
g_m_248_1,m_248,26,regular,ac1bf9273203,,goal,Roberto Firmino,False,False
g_m_249_1,m_249,65,regular,ef2abab7e1f3,410a401ccf84,goal,Mohamed Salah,False,False
g_m_249_2,m_249,77,regular,ac1bf9273203,410a401ccf84,goal,Roberto Firmino,False,False
g_m_249_3,m_249,84,regular,d29214a51013,410a401ccf84,goal,Virgil van Dijk,False,False
g_m_250_0,m_250,78,regular,9304a13e2804,,goal,Son Heung-Min,False,False
g_m_251_0,m_251,4,regular,e386a4dbe290,,goal,Raheem Sterling,False,False
g_m_251_1,m_251,21,regular,e386a4dbe290,,goal,Raheem Sterling,False,False
g_m_251_3,m_251,11,regular,fcba3d4e0d12,,goal,Bernardo Silva,False,False
g_m_251_4,m_251,7,regular,c39471220d1b,,goal,Ederson,False,False
g_m_251_5,m_251,10,regular,c39471220d1b,,goal,Ederson,False,False
g_m_251_6,m_251,73,regular,ae1009d3e761,,goal,Fernando Llorente,False,False
g_m_252_0,m_252,46,regular,03ad8d3c0184,,goal,David Neres,False,False
g_m_252_1,m_252,45,regular,99385a1844d3,,goal,Cristiano Ronaldo,False,False
g_m_253_0,m_253,28,regular,99385a1844d3,,goal,Cristiano Ronaldo,False,False
g_m_253_1,m_253,34,regular,bfbda6e9e583,,goal,Donny van de Beek,False,False
g_m_253_2,m_253,67,regular,65b65815ac44,,goal,Matthijs de Ligt,False,False
g_m_254_0,m_254,12,own_goal,6cc174c89ab4,,goal,Luke Shaw,False,True
g_m_255_0,m_255,16,regular,7f5dfc9f5bc6,,goal,Lionel Messi,False,False
g_m_255_1,m_255,20,regular,7f5dfc9f5bc6,,goal,Lionel Messi,False,False
g_m_255_2,m_255,61,regular,0b24f07f6354,,goal,Philippe Coutinho,False,False
g_m_256_0,m_256,15,regular,bfbda6e9e583,,goal,Donny van de Beek,False,False
g_m_257_0,m_257,5,regular,65b65815ac44,,goal,Matthijs de Ligt,False,False
g_m_257_1,m_257,35,regular,cc091079071f,,goal,Hakim Ziyech,False,False
g_m_257_2,m_257,55,regular,a7a7498f7518,,goal,Lucas Moura,False,False
g_m_257_3,m_257,59,regular,a7a7498f7518,,goal,Lucas Moura,False,False
g_m_257_4,m_257,96,regular,a7a7498f7518,,goal,Lucas Moura,False,False
g_m_258_1,m_258,75,regular,7f5dfc9f5bc6,,goal,Lionel Messi,False,False
g_m_258_2,m_258,82,regular,7f5dfc9f5bc6,,goal,Lionel Messi,False,False
g_m_259_0,m_259,7,regular,be5cdaf689cb,,goal,Divock Origi,False,False
g_m_259_1,m_259,54,regular,b243764d6711,,goal,Georginio Wijnaldum,False,False
g_m_259_2,m_259,56,regular,b243764d6711,,goal,Georginio Wijnaldum,False,False
g_m_259_3,m_259,79,regular,be5cdaf689cb,,goal,Divock Origi,False,False
g_m_260_0,m_260,2,regular,ef2abab7e1f3,,goal,Mohamed Salah,False,False
g_m_260_1,m_260,87,regular,be5cdaf689cb,,goal,Divock Origi,False,False
g_m_262_0,m_262,43,regular,b243764d6711,,goal,Georginio Wijnaldum,False,False
g_m_262_1,m_262,94,regular,ac1bf9273203,,goal,Roberto Firmino,False,False
g_m_262_2,m_262,97,regular,f0da2110e151,,goal,Marcos Llorente,False,False
g_m_262_3,m_262,105,regular,f0da2110e151,,goal,Marcos Llorente,False,False
g_m_262_4,m_262,120,regular,725443a6d981,,goal,Álvaro Morata,False,False
g_m_263_0,m_263,69,regular,c8710fd0bc0b,,goal,Erling Haaland,False,False
g_m_263_1,m_263,77,regular,c8710fd0bc0b,,goal,Erling Haaland,False,False
g_m_263_2,m_263,75,regular,70080aa08b4f,,goal,Neymar,False,False
g_m_264_0,m_264,28,regular,70080aa08b4f,,goal,Neymar,False,False
g_m_264_1,m_264,45,regular,503e076af6ab,,goal,Juan Bernat,False,False
g_m_265_0,m_265,60,regular,66943afc80ff,,goal,Isco,False,False
g_m_265_1,m_265,78,regular,b05df2fca20e,,goal,Gabriel Jesus,False,False
g_m_265_2,m_265,83,regular,500e00eb7113,,goal,Kevin De Bruyne,False,False
g_m_266_0,m_266,9,regular,e386a4dbe290,,goal,Raheem Sterling,False,False
g_m_266_1,m_266,68,regular,b05df2fca20e,,goal,Gabriel Jesus,False,False
g_m_266_2,m_266,28,regular,1eb74ea51664,,goal,Karim Benzema,False,False
g_m_267_0,m_267,31,regular,68c6561b9dc0,,goal,Lucas Tousart,False,False
g_m_268_0,m_268,43,regular,99385a1844d3,,goal,Cristiano Ronaldo,False,False
g_m_268_1,m_268,60,regular,99385a1844d3,,goal,Cristiano Ronaldo,False,False
g_m_268_2,m_268,12,regular,aa300b033960,,goal,Memphis Depay,False,False
g_m_269_0,m_269,58,regular,49540bc88830,,goal,Timo Werner,False,False
g_m_270_0,m_270,10,regular,56ab8822a4bb,,goal,Marcel Sabitzer,False,False
g_m_270_1,m_270,21,regular,56ab8822a4bb,,goal,Marcel Sabitzer,False,False
g_m_270_2,m_270,87,regular,54e489eee840,,goal,Emil Forsberg,False,False
g_m_271_0,m_271,16,regular,8dae744c7ac8,,goal,Hans Hateboer,False,False
g_m_271_1,m_271,62,regular,8dae744c7ac8,,goal,Hans Hateboer,False,False
g_m_271_2,m_271,42,regular,a79bbd64eb9f,,goal,Josip Ilicic,False,False
g_m_271_3,m_271,57,regular,731df6431a9f,,goal,Remo Freuler,False,False
g_m_271_4,m_271,66,regular,56868d2b9f5b,,goal,Denis Cheryshev,False,False
g_m_272_0,m_272,21,regular,5cc811b081c5,,goal,Kevin Gameiro,False,False
g_m_272_1,m_272,51,regular,5cc811b081c5,,goal,Kevin Gameiro,False,False
g_m_272_2,m_272,67,regular,ba993dcfe961,,goal,Fernando Torres,False,False
g_m_272_3,m_272,3,regular,a79bbd64eb9f,,goal,Josip Ilicic,False,False
g_m_272_4,m_272,43,regular,a79bbd64eb9f,,goal,Josip Ilicic,False,False
g_m_272_5,m_272,71,regular,a79bbd64eb9f,,goal,Josip Ilicic,False,False
g_m_272_6,m_272,82,regular,a79bbd64eb9f,,goal,Josip Ilicic,False,False
g_m_273_0,m_273,51,regular,f788111e7b11,,goal,Serge Gnabry,False,False
g_m_273_1,m_273,54,regular,f788111e7b11,,goal,Serge Gnabry,False,False
g_m_273_2,m_273,76,regular,54d578a1e1c9,,goal,Robert Lewandowski,False,False
g_m_274_0,m_274,10,regular,54d578a1e1c9,,goal,Robert Lewandowski,False,False
g_m_274_1,m_274,84,regular,54d578a1e1c9,,goal,Robert Lewandowski,False,False
g_m_274_2,m_274,24,regular,1729a7913720,,goal,Ivan Perisic,False,False
g_m_274_3,m_274,76,regular,741da50dd095,,goal,Corentin Tolisso,False,False
g_m_274_4,m_274,44,regular,e368f41a2daa,,goal,Tammy Abraham,False,False
g_m_275_0,m_275,30,regular,78d7f4178dde,,goal,Dries Mertens,False,False
g_m_275_1,m_275,57,regular,ff7fb67bec42,,goal,Antoine Griezmann,False,False
g_m_276_0,m_276,10,regular,bd565eb51062,,goal,Clément Lenglet,False,False
g_m_276_1,m_276,23,regular,7f5dfc9f5bc6,,goal,Lionel Messi,False,False
g_m_276_3,m_276,45,regular,9ab102cd1555,,goal,Lorenzo Insigne,False,False
g_m_277_0,m_277,27,regular,b7421d6273f5,,goal,Mario Pasalic,False,False
g_m_277_1,m_277,90,regular,320b3a59a649,,goal,Marquinhos,False,False
g_m_277_2,m_277,93,regular,3b0d187775d5,,goal,Eric Maxim Choupo-Moting,False,False
g_m_278_0,m_278,51,regular,1c8bbc55437d,,goal,Dani Olmo,False,False
g_m_278_1,m_278,88,regular,2b8e783ff609,,goal,Tyler Adams,False,False
g_m_279_0,m_279,7,own_goal,664c4c7bb8b7,,goal,David Alaba,False,True
g_m_279_4,m_279,22,regular,1729a7913720,,goal,Ivan Perisic,False,False
g_m_279_5,m_279,28,regular,f788111e7b11,,goal,Serge Gnabry,False,False
g_m_279_6,m_279,63,regular,b514f2699209,,goal,Joshua Kimmich,False,False
g_m_279_7,m_279,82,regular,54d578a1e1c9,,goal,Robert Lewandowski,False,False
g_m_279_8,m_279,85,regular,0b24f07f6354,,goal,Philippe Coutinho,False,False
g_m_279_9,m_279,89,regular,0b24f07f6354,,goal,Philippe Coutinho,False,False
g_m_280_0,m_280,69,regular,500e00eb7113,e386a4dbe290,goal,Kevin De Bruyne,False,False
g_m_280_1,m_280,24,regular,194521dc987d,e386a4dbe290,goal,Maxwel Cornet,False,False
g_m_281_0,m_281,13,regular,320b3a59a649,,goal,Marquinhos,False,False
g_m_281_1,m_281,42,regular,085fb58ad74e,,goal,Ángel Di María,False,False
g_m_281_2,m_281,56,regular,503e076af6ab,,goal,Juan Bernat,False,False
g_m_282_0,m_282,18,regular,f788111e7b11,,goal,Serge Gnabry,False,False
g_m_282_1,m_282,33,regular,f788111e7b11,,goal,Serge Gnabry,False,False
g_m_282_2,m_282,88,regular,54d578a1e1c9,,goal,Robert Lewandowski,False,False
g_m_283_0,m_283,59,regular,5a16ca50572d,,goal,Kingsley Coman,False,False
g_m_284_0,m_284,27,regular,7f5dfc9f5bc6,,goal,Lionel Messi,False,False
g_m_284_4,m_284,70,regular,fdf4898cc28b,,goal,Moise Kean,False,False
g_m_285_1,m_285,37,regular,7f5dfc9f5bc6,,goal,Lionel Messi,False,False
g_m_286_0,m_286,2,regular,79e4769359d5,,goal,Mehdi Taremi,False,False
g_m_286_1,m_286,46,regular,63f42ea94fbe,,goal,Moussa Marega,False,False
g_m_286_2,m_286,82,regular,ae70a47eb321,,goal,Federico Chiesa,False,False
g_m_287_0,m_287,49,regular,ae70a47eb321,,goal,Federico Chiesa,False,False
g_m_287_1,m_287,63,regular,ae70a47eb321,,goal,Federico Chiesa,False,False
g_m_287_2,m_287,117,regular,e6654b5602da,,goal,Adrien Rabiot,False,False
g_m_287_3,m_287,19,regular,1a2b31414f70,,goal,Sérgio Oliveira,False,False
g_m_287_4,m_287,115,regular,1a2b31414f70,,goal,Sérgio Oliveira,False,False
g_m_288_0,m_288,53,regular,ef2abab7e1f3,c27f168e90d0,goal,Mohamed Salah,False,False
g_m_289_0,m_289,70,regular,ef2abab7e1f3,,goal,Mohamed Salah,False,False
g_m_290_0,m_290,7,regular,2a856bf0dfe1,cebdd715d4ec,goal,Suso,False,False
g_m_290_1,m_290,84,regular,9c87969c8246,cebdd715d4ec,goal,Luuk de Jong,False,False
g_m_290_2,m_290,27,regular,c8710fd0bc0b,cebdd715d4ec,goal,Erling Haaland,False,False
g_m_290_3,m_290,43,regular,c8710fd0bc0b,cebdd715d4ec,goal,Erling Haaland,False,False
g_m_290_4,m_290,19,regular,7d98ed77d326,cebdd715d4ec,goal,Mahmoud Dahoud,False,False
g_m_291_0,m_291,35,regular,c8710fd0bc0b,,goal,Erling Haaland,False,False
g_m_291_1,m_291,54,regular,c8710fd0bc0b,,goal,Erling Haaland,False,False
g_m_291_2,m_291,68,regular,5d35c457b768,,goal,Youssef En-Nesyri,False,False
g_m_291_3,m_291,96,regular,5d35c457b768,,goal,Youssef En-Nesyri,False,False
g_m_292_0,m_292,68,regular,26bda9a17102,,goal,Olivier Giroud,False,False
g_m_293_0,m_293,34,regular,cc091079071f,,goal,Hakim Ziyech,False,False
g_m_293_1,m_293,94,regular,d325b431ba49,,goal,Emerson,False,False
g_m_294_0,m_294,49,regular,f3ab27080997,,goal,Joaquín Correa,False,False
g_m_294_1,m_294,9,regular,54d578a1e1c9,,goal,Robert Lewandowski,False,False
g_m_294_2,m_294,24,regular,2960aba236d7,,goal,Jamal Musiala,False,False
g_m_294_4,m_294,47,own_goal,1c75431fece0,,goal,Francesco Acerbi,False,True
g_m_295_0,m_295,33,regular,54d578a1e1c9,,goal,Robert Lewandowski,False,False
g_m_295_1,m_295,73,regular,3b0d187775d5,664c4c7bb8b7,goal,Eric Maxim Choupo-Moting,False,False
g_m_295_2,m_295,82,regular,0ffcf16c18a3,664c4c7bb8b7,goal,Marco Parolo,False,False
g_m_296_0,m_296,86,regular,28fc7ac04300,,goal,Ferland Mendy,False,False
g_m_297_0,m_297,34,regular,1eb74ea51664,,goal,Karim Benzema,False,False
g_m_297_1,m_297,60,regular,80df93e959ec,,goal,Sergio Ramos,False,False
g_m_297_2,m_297,84,regular,66b688fe85e6,,goal,Marco Asensio,False,False
g_m_297_3,m_297,83,regular,b456398a2c91,,goal,Luis Muriel,False,False
g_m_298_0,m_298,29,regular,fcba3d4e0d12,6fc022c47fc4,goal,Bernardo Silva,False,False
g_m_298_1,m_298,65,regular,b05df2fca20e,6fc022c47fc4,goal,Gabriel Jesus,False,False
g_m_299_0,m_299,12,regular,500e00eb7113,,goal,Kevin De Bruyne,False,False
g_m_300_2,m_300,36,regular,66b688fe85e6,,goal,Marco Asensio,False,False
g_m_300_3,m_300,51,regular,ef2abab7e1f3,,goal,Mohamed Salah,False,False
g_m_302_0,m_302,19,regular,500e00eb7113,,goal,Kevin De Bruyne,False,False
g_m_302_1,m_302,90,regular,86f22d502007,,goal,Phil Foden,False,False
g_m_302_2,m_302,84,regular,d1ebdce990ec,,goal,Marco Reus,False,False
g_m_303_0,m_303,15,regular,151601043081,,goal,Jude Bellingham,False,False
g_m_303_1,m_303,55,regular,0d2dccaa4111,,goal,Riyad Mahrez,False,False
g_m_303_2,m_303,75,regular,86f22d502007,,goal,Phil Foden,False,False
g_m_304_0,m_304,37,regular,3b0d187775d5,d5c34b05e56e,goal,Eric Maxim Choupo-Moting,False,False
g_m_304_4,m_304,28,regular,320b3a59a649,d5c34b05e56e,goal,Marquinhos,False,False
g_m_305_0,m_305,40,regular,3b0d187775d5,,goal,Eric Maxim Choupo-Moting,False,False
g_m_306_0,m_306,32,regular,bebd4d071887,,goal,Mason Mount,False,False
g_m_306_1,m_306,85,regular,8419cebf76a1,,goal,Ben Chilwell,False,False
g_m_307_0,m_307,94,regular,79e4769359d5,,goal,Mehdi Taremi,False,False
g_m_308_0,m_308,29,regular,1eb74ea51664,,goal,Karim Benzema,False,False
g_m_308_1,m_308,14,regular,54590b53b7cc,,goal,Christian Pulisic,False,False
g_m_309_0,m_309,28,regular,49540bc88830,,goal,Timo Werner,False,False
g_m_309_1,m_309,85,regular,bebd4d071887,,goal,Mason Mount,False,False
g_m_310_0,m_310,15,regular,320b3a59a649,,goal,Marquinhos,False,False
g_m_310_1,m_310,64,regular,500e00eb7113,,goal,Kevin De Bruyne,False,False
g_m_310_2,m_310,71,regular,0d2dccaa4111,,goal,Riyad Mahrez,False,False
g_m_311_0,m_311,11,regular,0d2dccaa4111,,goal,Riyad Mahrez,False,False
g_m_311_1,m_311,63,regular,0d2dccaa4111,,goal,Riyad Mahrez,False,False
g_m_312_0,m_312,42,regular,cd3a817513b6,,goal,Kai Havertz,False,False
g_m_314_0,m_314,61,regular,1eb74ea51664,,goal,Karim Benzema,False,False
g_m_314_1,m_314,76,regular,1eb74ea51664,,goal,Karim Benzema,False,False
g_m_314_2,m_314,78,regular,1eb74ea51664,,goal,Karim Benzema,False,False
g_m_315_0,m_315,7,regular,0d2dccaa4111,,goal,Riyad Mahrez,False,False
g_m_315_1,m_315,17,regular,fcba3d4e0d12,,goal,Bernardo Silva,False,False
g_m_315_2,m_315,44,regular,fcba3d4e0d12,,goal,Bernardo Silva,False,False
g_m_315_3,m_315,32,regular,86f22d502007,,goal,Phil Foden,False,False
g_m_315_4,m_315,58,regular,e386a4dbe290,,goal,Raheem Sterling,False,False
g_m_317_0,m_317,75,regular,ac1bf9273203,,goal,Roberto Firmino,False,False
g_m_317_1,m_317,83,regular,ef2abab7e1f3,,goal,Mohamed Salah,False,False
g_m_318_0,m_318,61,regular,fb2149d1d673,,goal,Lautaro Martínez,False,False
g_m_319_0,m_319,21,regular,f1fe90f9bb16,,goal,Junior Adamu,False,False
g_m_319_1,m_319,90,regular,5a16ca50572d,,goal,Kingsley Coman,False,False
g_m_320_0,m_320,12,regular,54d578a1e1c9,,goal,Robert Lewandowski,False,False
g_m_320_1,m_320,21,regular,54d578a1e1c9,,goal,Robert Lewandowski,False,False
g_m_320_2,m_320,23,regular,54d578a1e1c9,5a16ca50572d,goal,Robert Lewandowski,False,False
g_m_320_3,m_320,31,regular,f788111e7b11,5a16ca50572d,goal,Serge Gnabry,False,False
g_m_320_7,m_320,70,regular,32bd46069469,5a16ca50572d,goal,Maurits Kjaergaard,False,False
g_m_321_0,m_321,8,regular,cd3a817513b6,,goal,Kai Havertz,False,False
g_m_321_1,m_321,63,regular,54590b53b7cc,,goal,Christian Pulisic,False,False
g_m_322_0,m_322,38,regular,f3b854f35740,,goal,Burak Yilmaz,False,False
g_m_322_1,m_322,45,regular,54590b53b7cc,,goal,Christian Pulisic,False,False
g_m_322_2,m_322,71,regular,a907707d676e,,goal,César Azpilicueta,False,False
g_m_323_0,m_323,66,regular,7ec275e10122,,goal,Arnaut Danjuma,False,False
g_m_323_1,m_323,1,regular,2d187a1eee27,,goal,Dusan Vlahovic,False,False
g_m_324_0,m_324,78,regular,398d687a5ce1,,goal,Gerard Moreno,False,False
g_m_324_1,m_324,85,regular,2bfd328d42ce,,goal,Pau Torres,False,False
g_m_324_2,m_324,92,regular,7ec275e10122,,goal,Arnaut Danjuma,False,False
g_m_325_1,m_325,80,regular,1b194652da1c,c1b54e8bc8fd,goal,Anthony Elanga,False,False
g_m_326_0,m_326,41,regular,c1b54e8bc8fd,,goal,Renan Lodi,False,False
g_m_327_0,m_327,72,regular,50d870f1a6a6,,goal,Roman Yaremchuk,False,False
g_m_327_1,m_327,26,own_goal,b52a56c4b1bc,,goal,Sébastien Haller,False,True
g_m_327_2,m_327,18,regular,341a62640dd1,,goal,Dusan Tadic,False,False
g_m_327_3,m_327,29,regular,b52a56c4b1bc,,goal,Sébastien Haller,False,False
g_m_329_0,m_329,70,regular,500e00eb7113,,goal,Kevin De Bruyne,False,False
g_m_332_1,m_332,55,regular,ac1bf9273203,,goal,Roberto Firmino,False,False
g_m_332_2,m_332,65,regular,ac1bf9273203,,goal,Roberto Firmino,False,False
g_m_332_3,m_332,32,regular,9fbf9896f366,,goal,Gonçalo Ramos,False,False
g_m_332_4,m_332,73,regular,50d870f1a6a6,,goal,Roman Yaremchuk,False,False
g_m_333_0,m_333,40,regular,cd3a817513b6,,goal,Kai Havertz,False,False
g_m_333_1,m_333,21,regular,1eb74ea51664,,goal,Karim Benzema,False,False
g_m_333_2,m_333,24,regular,1eb74ea51664,,goal,Karim Benzema,False,False
g_m_333_3,m_333,46,regular,1eb74ea51664,,goal,Karim Benzema,False,False
g_m_334_0,m_334,80,regular,2ff5e674cf5b,,goal,Rodrygo,False,False
g_m_334_1,m_334,96,regular,1eb74ea51664,,goal,Karim Benzema,False,False
g_m_334_2,m_334,15,regular,bebd4d071887,,goal,Mason Mount,False,False
g_m_334_4,m_334,75,regular,49540bc88830,,goal,Timo Werner,False,False
g_m_335_0,m_335,8,regular,7ec275e10122,954d6432df28,goal,Arnaut Danjuma,False,False
g_m_336_0,m_336,52,regular,54d578a1e1c9,,goal,Robert Lewandowski,False,False
g_m_336_1,m_336,88,regular,9881df3cd80b,,goal,Samuel Chukwueze,False,False
g_m_337_0,m_337,2,regular,500e00eb7113,,goal,Kevin De Bruyne,False,False
g_m_337_1,m_337,11,regular,b05df2fca20e,,goal,Gabriel Jesus,False,False
g_m_337_2,m_337,53,regular,86f22d502007,,goal,Phil Foden,False,False
g_m_337_3,m_337,74,regular,fcba3d4e0d12,,goal,Bernardo Silva,False,False
g_m_337_4,m_337,33,regular,1eb74ea51664,,goal,Karim Benzema,False,False
g_m_337_5,m_337,82,regular,1eb74ea51664,,goal,Karim Benzema,False,False
g_m_338_0,m_338,90,regular,2ff5e674cf5b,,goal,Rodrygo,False,False
g_m_338_1,m_338,91,regular,2ff5e674cf5b,,goal,Rodrygo,False,False
g_m_338_2,m_338,95,regular,1eb74ea51664,,goal,Karim Benzema,False,False
g_m_338_3,m_338,73,regular,0d2dccaa4111,,goal,Riyad Mahrez,False,False
g_m_339_0,m_339,53,own_goal,6e8136b2ebe5,,goal,Jordan Henderson,False,True
g_m_340_0,m_340,3,regular,93d9870ee49a,,goal,Boulaye Dia,False,False
g_m_340_1,m_340,41,regular,5da6fde41c1c,,goal,Francis Coquelin,False,False
g_m_340_2,m_340,62,regular,84ce1fddf4aa,,goal,Fabinho,False,False
g_m_342_0,m_342,53,regular,5a16ca50572d,,goal,Kingsley Coman,False,False
g_m_343_0,m_343,61,regular,3b0d187775d5,,goal,Eric Maxim Choupo-Moting,False,False
g_m_343_1,m_343,89,regular,f788111e7b11,,goal,Serge Gnabry,False,False
g_m_344_0,m_344,7,regular,f9eafd22a540,,goal,Brahim Díaz,False,False
g_m_346_1,m_346,88,regular,03ad8d3c0184,,goal,David Neres,False,False
g_m_347_0,m_347,38,regular,9fbf9896f366,,goal,Gonçalo Ramos,False,False
g_m_347_1,m_347,57,regular,9fbf9896f366,,goal,Gonçalo Ramos,False,False
g_m_347_2,m_347,67,regular,9fbf9896f366,,goal,Gonçalo Ramos,False,False
g_m_347_4,m_347,77,regular,03ad8d3c0184,,goal,David Neres,False,False
g_m_347_5,m_347,87,regular,ef52aa715c68,,goal,Bjorn Meijer,False,False
g_m_348_0,m_348,63,regular,5247c09717cc,,goal,Karim Adeyemi,False,False
g_m_349_0,m_349,43,regular,e386a4dbe290,,goal,Raheem Sterling,False,False
g_m_349_1,m_349,53,regular,cd3a817513b6,,goal,Kai Havertz,False,False
g_m_350_1,m_350,14,regular,ef2abab7e1f3,,goal,Mohamed Salah,False,False
g_m_350_5,m_350,55,regular,1eb74ea51664,,goal,Karim Benzema,False,False
g_m_350_6,m_350,67,regular,1eb74ea51664,,goal,Karim Benzema,False,False
g_m_351_0,m_351,78,regular,1eb74ea51664,,goal,Karim Benzema,False,False
g_m_352_0,m_352,40,regular,5d2fcd1ec8d5,,goal,Victor Osimhen,False,False
g_m_352_1,m_352,65,regular,78d30a8999f0,,goal,Giovanni Di Lorenzo,False,False
g_m_353_0,m_353,45,regular,5d2fcd1ec8d5,,goal,Victor Osimhen,False,False
g_m_353_1,m_353,53,regular,5d2fcd1ec8d5,,goal,Victor Osimhen,False,False
g_m_353_2,m_353,64,regular,4408de1bce0a,,goal,Piotr Zielinski,False,False
g_m_354_0,m_354,86,regular,480deac45c7c,,goal,Romelu Lukaku,False,False
g_m_356_0,m_356,70,regular,3f22f84249be,,goal,Josko Gvardiol,False,False
g_m_356_1,m_356,27,regular,0d2dccaa4111,,goal,Riyad Mahrez,False,False
g_m_357_0,m_357,22,regular,c8710fd0bc0b,,goal,Erling Haaland,False,False
g_m_357_1,m_357,24,regular,c8710fd0bc0b,,goal,Erling Haaland,False,False
g_m_357_2,m_357,45,regular,c8710fd0bc0b,,goal,Erling Haaland,False,False
g_m_357_3,m_357,53,regular,c8710fd0bc0b,,goal,Erling Haaland,False,False
g_m_357_4,m_357,57,regular,c8710fd0bc0b,,goal,Erling Haaland,False,False
g_m_357_6,m_357,92,regular,500e00eb7113,,goal,Kevin De Bruyne,False,False
g_m_358_0,m_358,21,regular,1eb74ea51664,,goal,Karim Benzema,False,False
g_m_358_1,m_358,74,regular,66b688fe85e6,,goal,Marco Asensio,False,False
g_m_359_0,m_359,58,regular,2ff5e674cf5b,,goal,Rodrygo,False,False
g_m_359_1,m_359,80,regular,2ff5e674cf5b,,goal,Rodrygo,False,False
g_m_360_0,m_360,51,regular,ab8c4e05d96d,,goal,Nicolò Barella,False,False
g_m_360_1,m_360,82,regular,480deac45c7c,,goal,Romelu Lukaku,False,False
g_m_361_0,m_361,14,regular,ab8c4e05d96d,,goal,Nicolò Barella,False,False
g_m_361_1,m_361,65,regular,fb2149d1d673,,goal,Lautaro Martínez,False,False
g_m_361_2,m_361,78,regular,f3ab27080997,,goal,Joaquín Correa,False,False
g_m_361_3,m_361,38,regular,f3835b359f22,,goal,Fredrik Aursnes,False,False
g_m_361_4,m_361,86,regular,50621d54391b,,goal,André Silva,False,False
g_m_361_5,m_361,95,regular,866cf1cc26a3,,goal,Petar Musa,False,False
g_m_362_0,m_362,27,regular,999d89d1817f,,goal,Rodri,False,False
g_m_362_1,m_362,70,regular,fcba3d4e0d12,,goal,Bernardo Silva,False,False
g_m_362_2,m_362,76,regular,c8710fd0bc0b,,goal,Erling Haaland,False,False
g_m_363_0,m_363,83,regular,b514f2699209,,goal,Joshua Kimmich,False,False
g_m_363_1,m_363,57,regular,c8710fd0bc0b,,goal,Erling Haaland,False,False
g_m_364_0,m_364,40,regular,69ea340f04db,,goal,Ismaël Bennacer,False,False
g_m_365_0,m_365,93,regular,5d2fcd1ec8d5,,goal,Victor Osimhen,False,False
g_m_365_1,m_365,43,regular,26bda9a17102,,goal,Olivier Giroud,False,False
g_m_366_1,m_366,67,regular,500e00eb7113,,goal,Kevin De Bruyne,False,False
g_m_367_0,m_367,23,regular,fcba3d4e0d12,,goal,Bernardo Silva,False,False
g_m_367_1,m_367,37,regular,fcba3d4e0d12,,goal,Bernardo Silva,False,False
g_m_367_2,m_367,76,regular,7b46cacb046a,,goal,Manuel Akanji,False,False
g_m_368_0,m_368,8,regular,e5a041bbf815,,goal,Edin Dzeko,False,False
g_m_368_1,m_368,11,regular,320d088d4b8e,,goal,Henrikh Mkhitaryan,False,False
g_m_369_0,m_369,74,regular,fb2149d1d673,,goal,Lautaro Martínez,False,False
g_m_370_0,m_370,68,regular,999d89d1817f,,goal,Rodri,False,False
g_m_371_0,m_371,34,regular,edf8ba388ea4,,goal,Magnus Mattsson,False,False
g_m_371_1,m_371,10,regular,500e00eb7113,,goal,Kevin De Bruyne,False,False
g_m_371_2,m_371,45,regular,fcba3d4e0d12,,goal,Bernardo Silva,False,False
g_m_371_3,m_371,92,regular,86f22d502007,,goal,Phil Foden,False,False
g_m_372_0,m_372,5,regular,7b46cacb046a,,goal,Manuel Akanji,False,False
g_m_372_2,m_372,45,regular,c8710fd0bc0b,,goal,Erling Haaland,False,False
g_m_372_3,m_372,29,regular,b2528023df03,,goal,Mohamed Elyounoussi,False,False
g_m_373_0,m_373,48,regular,f9eafd22a540,,goal,Brahim Díaz,False,False
g_m_375_1,m_375,70,regular,f5c6b1ba7723,,goal,Bradley Barcola,False,False
g_m_376_0,m_376,89,regular,d3800075e4fb,,goal,Mikel Merino,False,False
g_m_377_0,m_377,69,regular,cb07a140ba50,,goal,Ciro Immobile,False,False
g_m_378_0,m_378,38,regular,78a8cd75d3f0,,goal,Harry Kane,False,False
g_m_378_1,m_378,66,regular,78a8cd75d3f0,,goal,Harry Kane,False,False
g_m_379_0,m_379,79,regular,d49392a9f072,,goal,Marko Arnautovic,False,False
g_m_380_0,m_380,35,regular,ff7fb67bec42,,goal,Antoine Griezmann,False,False
g_m_380_1,m_380,87,regular,aa300b033960,,goal,Memphis Depay,False,False
g_m_380_2,m_380,33,regular,f513bc83ecd8,,goal,Federico Dimarco,False,False
g_m_381_0,m_381,20,regular,8cc01153f5fa,,goal,Johan Bakayoko,False,False
g_m_382_2,m_382,18,regular,cc1e87a7a3f7,,goal,Joey Veerman,False,False
g_m_383_0,m_383,94,regular,9ca1fcba5933,,goal,Galeno,False,False
g_m_384_0,m_384,41,regular,6be92ce9d104,,goal,Leandro Trossard,False,False
g_m_385_0,m_385,60,regular,54d578a1e1c9,,goal,Robert Lewandowski,False,False
g_m_385_1,m_385,75,regular,5d2fcd1ec8d5,,goal,Victor Osimhen,False,False
g_m_386_1,m_386,17,regular,6fc022c47fc4,,goal,João Cancelo,False,False
g_m_386_2,m_386,83,regular,54d578a1e1c9,,goal,Robert Lewandowski,False,False
g_m_386_3,m_386,30,regular,1235190d2c93,,goal,Amir Rrahmani,False,False
g_m_387_0,m_387,12,regular,9143c23d08fa,,goal,Bukayo Saka,False,False
g_m_387_1,m_387,76,regular,6be92ce9d104,,goal,Leandro Trossard,False,False
g_m_387_2,m_387,18,regular,f788111e7b11,,goal,Serge Gnabry,False,False
g_m_387_3,m_387,32,regular,78a8cd75d3f0,,goal,Harry Kane,False,False
g_m_388_0,m_388,63,regular,b514f2699209,,goal,Joshua Kimmich,False,False
g_m_389_0,m_389,2,regular,fcba3d4e0d12,,goal,Bernardo Silva,False,False
g_m_389_1,m_389,12,regular,3d685f6ee75a,,goal,Eduardo Camavinga,False,False
g_m_389_2,m_389,14,regular,2ff5e674cf5b,,goal,Rodrygo,False,False
g_m_389_3,m_389,66,regular,86f22d502007,,goal,Phil Foden,False,False
g_m_389_4,m_389,71,regular,3f22f84249be,,goal,Josko Gvardiol,False,False
g_m_389_5,m_389,79,regular,6b6bf129cf88,,goal,Federico Valverde,False,False
g_m_390_0,m_390,76,regular,500e00eb7113,,goal,Kevin De Bruyne,False,False
g_m_390_1,m_390,12,regular,2ff5e674cf5b,,goal,Rodrygo,False,False
g_m_391_0,m_391,48,regular,0c0e675cbb94,,goal,Ousmane Dembélé,False,False
g_m_391_1,m_391,51,regular,2c4bc4bbc866,,goal,Vitinha,False,False
g_m_391_2,m_391,37,regular,e6185335cc99,,goal,Raphinha,False,False
g_m_391_3,m_391,62,regular,e6185335cc99,,goal,Raphinha,False,False
g_m_391_4,m_391,77,regular,1643d400731c,,goal,Andreas Christensen,False,False
g_m_392_0,m_392,12,regular,e6185335cc99,3815ddde299b,goal,Raphinha,False,False
g_m_392_1,m_392,40,regular,0c0e675cbb94,3815ddde299b,goal,Ousmane Dembélé,False,False
g_m_392_2,m_392,54,regular,2c4bc4bbc866,3815ddde299b,goal,Vitinha,False,False
g_m_393_0,m_393,4,regular,5b9980532868,,goal,Rodrigo De Paul,False,False
g_m_393_1,m_393,32,regular,9161bf546fc0,,goal,Samuel Lino,False,False
g_m_393_2,m_393,81,regular,b52a56c4b1bc,,goal,Sébastien Haller,False,False
g_m_394_0,m_394,34,regular,292976c053a9,,goal,Julian Brandt,False,False
g_m_394_1,m_394,39,regular,0c9ed3ed2454,,goal,Ian Maatsen,False,False
g_m_394_3,m_394,74,regular,56ab8822a4bb,,goal,Marcel Sabitzer,False,False
g_m_394_4,m_394,49,own_goal,3b047d989f38,,goal,Mats Hummels,False,True
g_m_394_5,m_394,64,regular,7b31890661cb,,goal,Ángel Correa,False,False
g_m_395_1,m_395,57,regular,78a8cd75d3f0,,goal,Harry Kane,False,False
g_m_396_0,m_396,88,regular,0ac09dc74705,,goal,Joselu,False,False
g_m_396_1,m_396,91,regular,0ac09dc74705,,goal,Joselu,False,False
g_m_396_2,m_396,68,regular,8c27c0d5547c,,goal,Alphonso Davies,False,False
g_m_398_0,m_398,50,regular,3b047d989f38,,goal,Mats Hummels,False,False
g_m_399_0,m_399,74,regular,1ba91338a9b6,,goal,Dani Carvajal,False,False
g_m_402_0,m_402,30,regular,2d187a1eee27,,goal,Dusan Vlahovic,False,False
g_m_402_1,m_402,85,regular,9c87969c8246,,goal,Luuk de Jong,False,False
g_m_403_1,m_403,15,regular,8f0d9beadf5d,,goal,Serhou Guirassy,False,False
g_m_405_0,m_405,22,regular,fd04cbc35f80,,goal,Vangelis Pavlidis,False,False
g_m_407_0,m_407,30,regular,44554f364ccc,,goal,Hans Vanaken,False,False
g_m_407_1,m_407,45,regular,d363583cfa26,,goal,Mateo Retegui,False,False
g_m_408_0,m_408,55,regular,f9d0612d2efe,,goal,Rafael Leão,False,False
g_m_408_1,m_408,40,regular,f40dd17cf777,,goal,Santiago Gimenez,False,False
g_m_409_0,m_409,20,regular,fd04cbc35f80,,goal,Vangelis Pavlidis,False,False
g_m_409_1,m_409,10,regular,b88e9e40ac46,,goal,Breel Embolo,False,False
g_m_410_0,m_410,10,regular,78a8cd75d3f0,,goal,Harry Kane,False,False
g_m_411_0,m_411,15,regular,d5cfb3e6d9b7,,goal,Charles De Ketelaere,False,False
g_m_411_1,m_411,40,regular,be91a4aa5b55,,goal,Chemsdine Talbi,False,False
g_m_412_0,m_412,3,regular,f5c6b1ba7723,,goal,Bradley Barcola,False,False
g_m_413_0,m_413,20,regular,8cc01153f5fa,,goal,Johan Bakayoko,False,False
g_m_413_1,m_413,45,regular,2d187a1eee27,,goal,Dusan Vlahovic,False,False
g_m_414_0,m_414,10,regular,990e6218b4af,,goal,Kylian Mbappé,False,False
g_m_416_1,m_416,60,regular,ff7fb67bec42,,goal,Antoine Griezmann,False,False
g_m_417_0,m_417,55,regular,9c87969c8246,,goal,Luuk de Jong,False,False
g_m_418_0,m_418,40,regular,8f0d9beadf5d,,goal,Serhou Guirassy,False,False
g_m_418_1,m_418,65,regular,54393049a2c3,,goal,Jonathan David,False,False
g_m_419_0,m_419,10,regular,44554f364ccc,,goal,Hans Vanaken,False,False
g_m_419_1,m_419,2,regular,bdbd4dfef315,,goal,Ollie Watkins,False,False
g_m_420_0,m_420,12,regular,fb2149d1d673,,goal,Lautaro Martínez,False,False
g_m_421_0,m_421,22,regular,78a8cd75d3f0,,goal,Harry Kane,False,False
g_m_422_0,m_422,28,regular,54d578a1e1c9,,goal,Robert Lewandowski,False,False
g_m_423_1,m_423,33,regular,ef2abab7e1f3,,goal,Mohamed Salah,False,False
g_m_424_0,m_424,15,regular,3815ddde299b,,goal,Lamine Yamal,False,False
g_m_424_1,m_424,80,regular,fd04cbc35f80,,goal,Vangelis Pavlidis,False,False
g_m_426_0,m_426,82,regular,0c0e675cbb94,,goal,Ousmane Dembélé,False,False
g_m_427_0,m_427,2,regular,78a8cd75d3f0,,goal,Harry Kane,False,False
g_m_428_1,m_428,44,regular,8f0d9beadf5d,,goal,Serhou Guirassy,False,False
g_m_429_0,m_429,20,regular,bdbd4dfef315,,goal,Ollie Watkins,False,False
g_m_430_1,m_430,20,regular,8cc01153f5fa,,goal,Johan Bakayoko,False,False
g_m_431_0,m_431,72,regular,ff7fb67bec42,,goal,Antoine Griezmann,False,False
g_m_432_0,m_432,31,regular,78a8cd75d3f0,,goal,Harry Kane,False,False
g_m_432_1,m_432,12,regular,fb2149d1d673,,goal,Lautaro Martínez,False,False
g_m_433_0,m_433,10,regular,9143c23d08fa,,goal,Bukayo Saka,False,False
g_m_434_0,m_434,15,regular,e6185335cc99,,goal,Raphinha,False,False
g_m_435_0,m_435,12,regular,f5c6b1ba7723,,goal,Bradley Barcola,False,False
g_m_435_1,m_435,33,regular,bdbd4dfef315,,goal,Ollie Watkins,False,False
g_m_436_0,m_436,2,regular,bdbd4dfef315,,goal,Ollie Watkins,False,False
g_m_437_0,m_437,2,regular,8f0d9beadf5d,,goal,Serhou Guirassy,False,False
g_m_438_0,m_438,10,regular,d29a7695ab61,,goal,Vinícius Júnior,False,False
g_m_438_1,m_438,44,regular,9143c23d08fa,,goal,Bukayo Saka,False,False
g_m_440_0,m_440,65,regular,f5c6b1ba7723,,goal,Bradley Barcola,False,False
g_m_441_1,m_441,2,regular,fb2149d1d673,,goal,Lautaro Martínez,False,False
g_m_442_0,m_442,15,regular,fb2149d1d673,,goal,Lautaro Martínez,False,False
g_m_442_1,m_442,2,regular,e6185335cc99,,goal,Raphinha,False,False
g_m_443_1,m_443,40,regular,9143c23d08fa,,goal,Bukayo Saka,False,False
g_m_444_0,m_444,12,regular,471cc4078df7,,goal,Hakimi,False,False
g_m_444_1,m_444,20,regular,8076f186a6e4,,goal,Doué,False,False
g_m_444_2,m_444,63,regular,8076f186a6e4,,goal,Doué,False,False
g_m_444_3,m_444,73,regular,f649c0cfbade,,goal,Kvaratskhelia,False,False
g_m_444_4,m_444,86,regular,c18ae9588eee,,goal,Senny Mayulu,False,False
,m_232,53,,,,goal,Presnel Kimpembe,False,False
,m_232,60,,,,goal,Kylian Mbappé,False,False
,m_400,19,,,,goal,Erling Haaland,False,False
,m_400,60,,,,goal,Kylian Mbappé,False,False
,m_400,86,,,,goal,Brahim Díaz,False,False
,m_400,90+2,,,,goal,Jude Bellingham,False,False
,m_401,45,,,,goal,Ousmane Dembélé,False,False
,m_401,66,,,,goal,Ousmane Dembélé,False,False
,m_404,3,,,,goal,Igor Paixão,False,False
,m_406,45,,,c511db2d2994,goal,Michael Olise,False,False
,m_406,49,,,c511db2d2994,goal,Harry Kane,False,False
,m_406,79,,,c511db2d2994,goal,Daizen Maeda,False,False
